--
-- PostgreSQL database dump
--

-- Dumped from database version 10.12 (Ubuntu 10.12-0ubuntu0.18.04.1)
-- Dumped by pg_dump version 10.12 (Ubuntu 10.12-0ubuntu0.18.04.1)

-- Started on 2020-03-19 14:39:44 -03

SET statement_timeout = 0;
SET lock_timeout = 0;
SET idle_in_transaction_session_timeout = 0;
SET client_encoding = 'UTF8';
SET standard_conforming_strings = on;
SELECT pg_catalog.set_config('search_path', '', false);
SET check_function_bodies = false;
SET xmloption = content;
SET client_min_messages = warning;
SET row_security = off;

--
-- TOC entry 3176 (class 0 OID 39285)
-- Dependencies: 196
-- Data for Name: answer; Type: TABLE DATA; Schema: public; Owner: -
--

COPY public.answer (id, questionid, answer) FROM stdin;
\.


--
-- TOC entry 3211 (class 0 OID 39614)
-- Dependencies: 231
-- Data for Name: answer_question; Type: TABLE DATA; Schema: public; Owner: -
--

COPY public.answer_question (id, "questionId", "answerId", "customAnswer", "userId") FROM stdin;
\.


--
-- TOC entry 3178 (class 0 OID 39293)
-- Dependencies: 198
-- Data for Name: country; Type: TABLE DATA; Schema: public; Owner: -
--

COPY public.country (id, name) FROM stdin;
1	Argentina
2	Angola
3	Argelia
4	Brasil
\.


--
-- TOC entry 3206 (class 0 OID 39390)
-- Dependencies: 226
-- Data for Name: user; Type: TABLE DATA; Schema: public; Owner: -
--

COPY public."user" (id, "firstName", "lastName", email, password, role, "createdAt", address, "privKey", blocked, "phoneNumber", answers, "countryId", company) FROM stdin;
108	LeoTest	TestingQuestions	lgobbi+questions@atixlabs.com	$2b$10$ZEXj1s56FMXaQqyuvimQ7OrsDQQHW2GF0G.VPQt0OvUavhbjb5i7u	supporter	2020-02-26	0xeE0687D4B4C7CD0DcDeC33Aa2606cEF5aA6604B0	0xefb61f298bfcffd1aa38475f0bd18dcd0af775464dcfcacad870cbfeb4ff593f	f	1234567890	{"How often do you make angel impact investments?":"Less than 1 investment in the last 12 months","Which are the areas of impact that you tackle? Based on the UN Sustainable Development Goals":["No poverty","Zero Hunger","Clean Water and Sanitation","Good Health and Well-Being","Gender Equality","Affordable and Clean Energy","Quality Education"]}	2	\N
110	Social ENtrepreneur	test	lgobbi+testbuidler@atixlabs.com	$2b$10$zFdK0RdbOiWBt8XvKhhSH.TCrJic4Xn3eqtLzHo98fcuT8WyEi9Pu	entrepreneur	2020-02-28	0x236C3Ac6A8a5074CF0b9775f74021585E403440A	0x384a4e6bfda567700c89787d22d8e344266aa1ade9f0bb18def942a6766e5da0	f	1234567890	{"What type of funding are you seeking?":"Debt Financing","Which are the areas of impact that you tackle? Based on the UN Sustainable Development Goals":["Clean Water and Sanitation","Good Health and Well-Being"]}	3	aTIX
101	SOCIAL	ENTREPRENEUR	lgobbi+sentre@atixlabs.com	$2b$10$WnIlHtAXj1Azl7SeP5kLQOyiWnag6KMnnPLOLGtNB4KQ69PhjW9T.	entrepreneur	2020-03-05	0xB0C01DFdB5fC107DE6a48704a3Fa133d16E7F78B	0xf14aa3e9351637e2bf30ce5f688167af0a0e989f85d40eb89fc6b71ca38e792a	f	+5491138303549	{"What type of funding are you seeking?":"Debt Financing","Which are the areas of impact that you tackle? Based on the UN Sustainable Development Goals":["Clean Water and Sanitation","Gender Equality"]}	1	Atix
116	Leo	Supp	lgobbi+supporter@atixlabs.com	$2b$10$02RIh9TWlxs1gMEBfywg1e7ADQirsKlXCXKkyjc5S373MFkeWb5fe	supporter	2020-03-12	0xb1153BC3dB68555c6e33fF46AC39Ba725C9ECd4a	0x247049474a23849bafe6af9c74ecb8ed71f553be94a64e18f25be304312e4d79	f	+5491138303549	{"How often do you make angel impact investments?":"More than 5 investments in the last 12 months","Which are the areas of impact that you tackle? Based on the UN Sustainable Development Goals":["Zero Hunger","Good Health and Well-Being","Quality Education"]}	1	Afectos
109	aaaaaa	ssssss	lgobbi+aaaaaaa@atixlabs.com	$2b$10$c5RbQ0cAqpKcS37GtnNTGu8tSYAG2Q0SSumyd8pU1ZASKFsYySPm2	entrepreneur	2020-02-26	0x0c4Eb6dA738ea560eCDe1dF94E09a93B3eE42AE8	0x4c866b553c833b01f212737aff77bbcbcf0b27f0149290deaf386311e61765ca	f	1234567890	{"What type of funding are you seeking?":"Debt Financing","Which are the areas of impact that you tackle? Based on the UN Sustainable Development Goals":["Clean Water and Sanitation","Good Health and Well-Being","Zero Hunger","Decent Work and Economic Growth"]}	2	AtixLabs
111	Funder Test	asdasd	lgobbi+fundetesadw@atixlabs.com	$2b$10$fdq04eF7L.o.Y6q6GfTL1ubtZ85eJL/96JtMKBjXiv7l5bcD9fX6.	supporter	2020-02-28	0xe7c2f66fF45D43BE8434EB5685C9f4DCaFf0c332	0x0563152272c21a2fc42ce9abc246ca1f237e57bfbd1a735ba9253eb94a398627	f	12345678412	{"How often do you make angel impact investments?":"1 to 3 investments in the last 12 months","Which are the areas of impact that you tackle? Based on the UN Sustainable Development Goals":["Good Health and Well-Being","Gender Equality","Affordable and Clean Energy"]}	3	asdasdasd
117	aaaa	aaaa	aaa@aaa.ccc	$2b$10$DdML3zHk0QKUyMIARz4qKeWo.ZgIAIVlbxCuM6nPL/3pMDzWcH8xW	entrepreneur	2020-03-17	0x13156E09706624ebB9EdaF3DAE30169cf28F97f8	0x5eed4f6161cfb72b69b35b636bef338dcad0e9fb3535dca59953383b3831fd40	f	12345678912	{"What type of funding are you seeking?":"Grant Funding","Which are the areas of impact that you tackle? Based on the UN Sustainable Development Goals":["Gender Equality"]}	1	z
112	fadsfadsf	dsafadsfasdfads	lgobbi+sdafads@atixlabs.com	$2b$10$eD5E4HwDuPv5gMWGTXozjeVC2nfqU2LmSi97PUTZYe5p/7iV88lLq	supporter	2020-02-28	0xf828EaDD69a8A5936d863a1621Fe2c3dC568778D	0xd271595847c6a66300339277f70896d537894f7cd98392d5096a08e5d13ee8c1	f	1234567890'	{"How often do you make angel impact investments?":"1 to 3 investments in the last 12 months","Which are the areas of impact that you tackle? Based on the UN Sustainable Development Goals":["Clean Water and Sanitation"]}	3	asdsad
115	FULL	SUPPORTER	lgobbi+fullsu@atixlabs.com	$2b$10$qMhsjTMppvLUXUPbzXxUreJT6Pw/f2pY18iXT7CBF7MLlxOp1Solm	supporter	2020-03-05	0x8396741589Ae4C00Aec47982d222D248886a10ea	0x5dc62f39dc6e829e029409a05b0b89ec57b304f9fa8bbb3b54bf8370403b0e72	f	+5491138303549	{"How often do you make angel impact investments?":"Not yet","Which are the areas of impact that you tackle? Based on the UN Sustainable Development Goals":["Clean Water and Sanitation"]}	2	Atix
118	asdfghdjhdg	hfgfgdsfgds	sfdgfsdg@asdasas.ccc	$2b$10$fuiw2AZbbg9.ZGkClt4EOu5ANNS.jhMWZmZFOULxKoK/tB1ZhgltW	entrepreneur	2020-03-17	0xd2864caEb734aD3f2B983A2B59F8C1cd3c3089B5	0x8f7dc3caa8d08c4693929dff5238dab1b4641b1123d110c383968165b5abbce1	f	1234567890	{"What type of funding are you seeking?":"Grant Funding","Which are the areas of impact that you tackle? Based on the UN Sustainable Development Goals":["Affordable and Clean Energy","Gender Equality"]}	1	asd
103	asdsa	asdasd	funder@test.com	$2b$10$BRdbJvgtjwuPZhPtaUVL1.o1JC1RHiT9q0IZ1RzYAB3oAqburcsGO	entrepreneur	2020-02-19	0x44817542c7e9272acCA692D8127824031E475F66	0x02ccbf626a523abb70a6a63556c8a9b5a5ab35d191516e1602aee179a669db02	f	1235434124	{"How often do you make angel impact investments?":"Sometimes","Which are the areas of impact that you tackle? Based on the UN Sustainable Development Goals":["Fire"],"What's your company name?":"adsd"}	2	Atix Labs
2	Social Entrepreneur	null	user@test.com	$2b$10$75519G6pHTDJMgUjM25gBu0QEskWFqrJtbG2GYlPG9UZ4P.KYuh7.	entrepreneur	2019-07-31	0x08572Bafa7ACb8451D774C05933fbd48AaE00E35	0x6d0befeb170a68ee12ba54e3e0d4b7c8d91d77d747ed8bc5e85756f357ce8b0b	f	1235434124	{"How often do you make angel impact investments?":"Sometimes","Which are the areas of impact that you tackle? Based on the UN Sustainable Development Goals":["Fire"],"What's your company name?":"adsd"}	2	Atix Labs
3	Joe Demin 	null	joe@yellowleafhammocks.com	$2b$10$75519G6pHTDJMgUjM25gBu0QEskWFqrJtbG2GYlPG9UZ4P.KYuh7.	entrepreneur	2019-08-01	0x2Cc112d9235f071BC960B53e0A1e74a2a872F2d8	0x95c4a68b3b683042352c3ad4c5dcbd6a061c514def95a88541c9d5820c2486ff	f	1235434124	{"How often do you make angel impact investments?":"Sometimes","Which are the areas of impact that you tackle? Based on the UN Sustainable Development Goals":["Fire"],"What's your company name?":"adsd"}	2	Atix Labs
104	asdsa	asdasd	funder+tests@test.com	$2b$10$8PgRK0B.whp/P2izB6.T2O7APjDhxrEnQaNdVEXbX7m.AfZgc5MkS	entrepreneur	2020-02-19	0xdC68509B75A41B6c94A61e03a90e10745977CBA1	0xce489a995a75716ba03f5d5651acb7d559050e36921328fb7430797ef1b97f4a	f	1235434124	{"How often do you make angel impact investments?":"Sometimes","Which are the areas of impact that you tackle? Based on the UN Sustainable Development Goals":["Fire"],"What's your company name?":"adsd"}	2	Atix Labs
113	asdfghgj	dfsdgfh	lgobbi+asdawd@atixlabs.com	$2b$10$oZPNjS9krKwJSRSdCU0MG.mYU3fgIY8EMY19jhloAz/w8g9hFRb5W	entrepreneur	2020-02-28	0xafdAf22A9D1456197b94f1B1801975761ee64Cf2	0xf5538a05feebf115b2588e6279662257b37dba57ce84f2fdaa810f70b4ba21cb	f	123456765123	{"What type of funding are you seeking?":"Equity Financing","Which are the areas of impact that you tackle? Based on the UN Sustainable Development Goals":["Good Health and Well-Being","Gender Equality","Affordable and Clean Energy"]}	1	dasdas
107	Tssa	dasdaw	vczxvzxvc@asdas.coasd	$2b$10$qTP.n9DdeF/nD9cOyV/R4OH9qjJB0GTlHguRkxfQfR1rDAKO9JgBm	entrepreneur	2020-02-21	0x63A51082F2305A9FCf085b69cD03374351A2e4F9	0x17d9d5784999f256e6c910b170979790c76f66629375200b4defa85671e552b4	f	1234567890	{"What type of funding are you seeking?":"Equity","Which are the areas of impact that you tackle? Based on the UN Sustainable Development Goals":["Earth","Air"]}	3	asdasd
114	asdsad	asdadas	asdasdas@asdasd.cc	$2b$10$TAO6Fc7aVE6n596YMaRk.OqHYB/43.fYHNhBX7nRcfeJiPf.N6oea	entrepreneur	2020-02-28	0xAe30b36Ac8A08bA2674404CBaC4344CC2b0C1E6A	0x1dc65ad00280a039807fd31a9849de3534faade04452cc8953440f80e45bb0db	f	12345678906	{"What type of funding are you seeking?":"Debt Financing","Which are the areas of impact that you tackle? Based on the UN Sustainable Development Goals":["Affordable and Clean Energy"]}	2	asd
68	David Casey	null	david@numundo.org	$2b$10$75519G6pHTDJMgUjM25gBu0QEskWFqrJtbG2GYlPG9UZ4P.KYuh7.	supporter	2019-11-11	0x5a446a2D997a548D11680Bb89Aff635E1f114A83	0x7454ae3ad1659f09181f4bf848afcd7beb06a3f138428b79379a388e37fece90	f	1235434124	{"How often do you make angel impact investments?":"Sometimes","Which are the areas of impact that you tackle? Based on the UN Sustainable Development Goals":["Fire"],"What's your company name?":"adsd"}	2	Atix Labs
67	Bev Coa	null	bev.circlesofangels@gmail.com	$2b$10$75519G6pHTDJMgUjM25gBu0QEskWFqrJtbG2GYlPG9UZ4P.KYuh7.	supporter	2019-11-04	0xF99542F8005C0F3F1DeE9d84F6c7AB2691222a6E	0x6aed5e794d9d2d656780ab3adbcb8f6393822d2d610685f22407e599dc963930	f	1235434124	{"How often do you make angel impact investments?":"Sometimes","Which are the areas of impact that you tackle? Based on the UN Sustainable Development Goals":["Fire"],"What's your company name?":"adsd"}	2	Atix Labs
70	Candy Koon	null	candy_koon@yahoo.com	$2b$10$75519G6pHTDJMgUjM25gBu0QEskWFqrJtbG2GYlPG9UZ4P.KYuh7.	supporter	2019-11-12	0x04da4B5C92395B431BfA0902Ed113ff07a445db4	0xea87f1257416eb93fe0fb94f624044616f075e1f801e5e2ba8408d739d85d863	f	1235434124	{"How often do you make angel impact investments?":"Sometimes","Which are the areas of impact that you tackle? Based on the UN Sustainable Development Goals":["Fire"],"What's your company name?":"adsd"}	2	Atix Labs
76	Erica 	null	erica@hkcocoon.org	$2b$10$75519G6pHTDJMgUjM25gBu0QEskWFqrJtbG2GYlPG9UZ4P.KYuh7.	supporter	2019-11-12	0x4a49EB86bB043216e4dc33f061B2E58B93076b0d	0x2b030f0bc4112c4fcae829d64aef12ec874857187c170c0619266fa64a0192c2	f	1235434124	{"How often do you make angel impact investments?":"Sometimes","Which are the areas of impact that you tackle? Based on the UN Sustainable Development Goals":["Fire"],"What's your company name?":"adsd"}	2	Atix Labs
106	asdsadas	asdasd	directory2@email.com	$2b$10$/1YmX4Qp8wxp8y06M9Be2ONPx96udwtF/HKg8wSSap7khA5X9By9O	supporter	2020-02-21	0xbCccdB2439C88F23D80a95Cef87305F5d088977F	0xcb976628cddefb7dccf2e42d069f07900f3053e036e90ad04bf9c52e6ecedacb	f	1235434124	{"How often do you make angel impact investments?":"Sometimes","Which are the areas of impact that you tackle? Based on the UN Sustainable Development Goals":["Fire"],"What's your company name?":"adsd"}	2	Atix Labs
94	Budi	Tira	upadilla+b1@atixlabs.com	$2b$10$75519G6pHTDJMgUjM25gBu0QEskWFqrJtbG2GYlPG9UZ4P.KYuh7.	supporter	2019-12-30	0x2131321	0x12313	f	1235434124	{"How often do you make angel impact investments?":"Sometimes","Which are the areas of impact that you tackle? Based on the UN Sustainable Development Goals":["Fire"],"What's your company name?":"adsd"}	2	Atix Labs
21	lucas oracle	null	lsiebenberg+oracle@atixlabs.com	$2b$10$75519G6pHTDJMgUjM25gBu0QEskWFqrJtbG2GYlPG9UZ4P.KYuh7.	supporter	2019-08-26	0xe91991bd8bf33049Eb9f4d16543a77CbD79Df5e1	0x207f51c2e3e48cea5455b33021072730e59c5f7828da2ca3c9270d470b66e259	f	1235434124	{"How often do you make angel impact investments?":"Sometimes","Which are the areas of impact that you tackle? Based on the UN Sustainable Development Goals":["Fire"],"What's your company name?":"adsd"}	2	Atix Labs
12	Su Mei Lee	null	sumeilee@gmail.com	$2b$10$75519G6pHTDJMgUjM25gBu0QEskWFqrJtbG2GYlPG9UZ4P.KYuh7.	supporter	2019-08-13	0x5403b023FeeC8CC57aC57AccaC935084e75332E1	0x94714d41926210f343fd9a84e2fa7c2ca8cfe3a8db718f4b53dedbead2cc44c6	f	1235434124	{"How often do you make angel impact investments?":"Sometimes","Which are the areas of impact that you tackle? Based on the UN Sustainable Development Goals":["Fire"],"What's your company name?":"adsd"}	2	Atix Labs
14	Lucy	null	lu.ouyang.2019@mba.smu.edu.sg	$2b$10$75519G6pHTDJMgUjM25gBu0QEskWFqrJtbG2GYlPG9UZ4P.KYuh7.	supporter	2019-08-13	0xf2170124D07DD7d358793e913B29F3E3a5D068dA	0xb6eb769086464e970a5449d719ab0d9a717ed6f23137fbc0df98a84ed641028f	f	1235434124	{"How often do you make angel impact investments?":"Sometimes","Which are the areas of impact that you tackle? Based on the UN Sustainable Development Goals":["Fire"],"What's your company name?":"adsd"}	2	Atix Labs
13	Jean Low 	null	jean.si.low@gmail.com	$2b$10$75519G6pHTDJMgUjM25gBu0QEskWFqrJtbG2GYlPG9UZ4P.KYuh7.	supporter	2019-08-13	0x8d902Caf3444E68220490235a4BC20C153fE0334	0xde5a03e5d43e664b5e3f5239aa10ffd2dd00e43ac0758a906f6c9132bced2060	f	1235434124	{"How often do you make angel impact investments?":"Sometimes","Which are the areas of impact that you tackle? Based on the UN Sustainable Development Goals":["Fire"],"What's your company name?":"adsd"}	2	Atix Labs
17	Beverly Bertumen	null	beverlybertumen@gmail.com	$2b$10$75519G6pHTDJMgUjM25gBu0QEskWFqrJtbG2GYlPG9UZ4P.KYuh7.	supporter	2019-08-16	0x038Ef777307Ea5A0423D102bae14Dc2ABA196538	0x2ce735901927a543c8148e17d51ff9ee920479dfd720242a7d1e26713a80e42d	f	1235434124	{"How often do you make angel impact investments?":"Sometimes","Which are the areas of impact that you tackle? Based on the UN Sustainable Development Goals":["Fire"],"What's your company name?":"adsd"}	2	Atix Labs
26	Richard Zen	null	RichardZen@fithotel.com	$2b$10$75519G6pHTDJMgUjM25gBu0QEskWFqrJtbG2GYlPG9UZ4P.KYuh7.	supporter	2019-08-27	0xa92152a5e7d97923980dD80E42ccf1D76499471F	0xb38312845ec30d271b43285b2b7b50c4c69855c8a46a0317286c810364e48906	f	1235434124	{"How often do you make angel impact investments?":"Sometimes","Which are the areas of impact that you tackle? Based on the UN Sustainable Development Goals":["Fire"],"What's your company name?":"adsd"}	2	Atix Labs
25	Jenny Zhang	null	jingjennyzhang@gmail.com	$2b$10$75519G6pHTDJMgUjM25gBu0QEskWFqrJtbG2GYlPG9UZ4P.KYuh7.	supporter	2019-08-27	0x2e37D70A4dC49A7194463A9B4039681d59e3635a	0x090e5add88252d145ccadfbffbbf7175aed9ea8107ff12a66851698eaf724657	f	1235434124	{"How often do you make angel impact investments?":"Sometimes","Which are the areas of impact that you tackle? Based on the UN Sustainable Development Goals":["Fire"],"What's your company name?":"adsd"}	2	Atix Labs
28	Leonel Gobbi	null	lgobbi+Funder@atixlabs.com	$2b$10$75519G6pHTDJMgUjM25gBu0QEskWFqrJtbG2GYlPG9UZ4P.KYuh7.	supporter	2019-09-17	0x0AB866be4181a151f09723cFD217601496aD360f	0xa88059b760d1b544cd0782473fb31bbc2f56aabc77015590a12f2e6f89c3f910	f	1235434124	{"How often do you make angel impact investments?":"Sometimes","Which are the areas of impact that you tackle? Based on the UN Sustainable Development Goals":["Fire"],"What's your company name?":"adsd"}	2	Atix Labs
40	Dee Dee Chan	null	chan.deedee@gmail.com	$2b$10$75519G6pHTDJMgUjM25gBu0QEskWFqrJtbG2GYlPG9UZ4P.KYuh7.	supporter	2019-09-27	0x216A2DFef6999b63A1984c84f9aBdF6AeEc0db82	0x7eede04afb384f279705e09ec389ecfb2b9e1ac362ccb35769baa357953a4464	f	1235434124	{"How often do you make angel impact investments?":"Sometimes","Which are the areas of impact that you tackle? Based on the UN Sustainable Development Goals":["Fire"],"What's your company name?":"adsd"}	2	Atix Labs
44	Tenlaur	null	tenlaur71@gmail.com	$2b$10$75519G6pHTDJMgUjM25gBu0QEskWFqrJtbG2GYlPG9UZ4P.KYuh7.	supporter	2019-09-27	0x72B348795C65c7f47cC54f0Df76f55f47832EA26	0x90ba30bae787b9ea5aafda2f108aac9e677645c3e1711a184a1566faab170e4e	f	1235434124	{"How often do you make angel impact investments?":"Sometimes","Which are the areas of impact that you tackle? Based on the UN Sustainable Development Goals":["Fire"],"What's your company name?":"adsd"}	2	Atix Labs
32	Robin	null	robin@hellogold.com	$2b$10$75519G6pHTDJMgUjM25gBu0QEskWFqrJtbG2GYlPG9UZ4P.KYuh7.	supporter	2019-09-27	0x0933e16e2D1b416f510500571721D784De8fc6eE	0x1cd27ee7790f1551442e8051778f9de8461eafc8bc3470738e41603b27177670	f	1235434124	{"How often do you make angel impact investments?":"Sometimes","Which are the areas of impact that you tackle? Based on the UN Sustainable Development Goals":["Fire"],"What's your company name?":"adsd"}	2	Atix Labs
31	Pooja	null	PDaftary@mfs.com	$2b$10$75519G6pHTDJMgUjM25gBu0QEskWFqrJtbG2GYlPG9UZ4P.KYuh7.	supporter	2019-09-27	0x04d7d6375594f13a2139c1d3F1c6661157d31323	0x176077f372a3951278ac82162e385dd11fd1d04dba69f1f94254721e9a84f534	f	1235434124	{"How often do you make angel impact investments?":"Sometimes","Which are the areas of impact that you tackle? Based on the UN Sustainable Development Goals":["Fire"],"What's your company name?":"adsd"}	2	Atix Labs
30	Thammika	null	t.songkaeo@gmail.com	$2b$10$75519G6pHTDJMgUjM25gBu0QEskWFqrJtbG2GYlPG9UZ4P.KYuh7.	supporter	2019-09-27	0xab905eB30f2dEbE6d5b1Bc23B930936Df225BA53	0x9e28baad7b3a4868168869c28343ee5a12a1a52199840357c8842a91ce65fb8e	f	1235434124	{"How often do you make angel impact investments?":"Sometimes","Which are the areas of impact that you tackle? Based on the UN Sustainable Development Goals":["Fire"],"What's your company name?":"adsd"}	2	Atix Labs
47	Bianca Stringuini	null	bstringu@visa.com	$2b$10$75519G6pHTDJMgUjM25gBu0QEskWFqrJtbG2GYlPG9UZ4P.KYuh7.	supporter	2019-10-02	0x38eaA0a8401B7C4E3E4a761ca9FCBBFA5384A8c4	0x2f0cf9461921ad848326e15b3df2c80b522fec70fc0e4f8aff59bbea33ae273a	f	1235434124	{"How often do you make angel impact investments?":"Sometimes","Which are the areas of impact that you tackle? Based on the UN Sustainable Development Goals":["Fire"],"What's your company name?":"adsd"}	2	Atix Labs
29	Cynthia Chia	null	cynthiachia@heliconiacapital.com	$2b$10$75519G6pHTDJMgUjM25gBu0QEskWFqrJtbG2GYlPG9UZ4P.KYuh7.	supporter	2019-09-27	0x050356934C01fd33629b324C5279513E293265b1	0x8c1042ba83ad8402e605836d61d18077d674b2497f9e3efa0673eac9bb2fb7d2	f	1235434124	{"How often do you make angel impact investments?":"Sometimes","Which are the areas of impact that you tackle? Based on the UN Sustainable Development Goals":["Fire"],"What's your company name?":"adsd"}	2	Atix Labs
43	Nathan	null	nathan@nathandoctor.com	$2b$10$75519G6pHTDJMgUjM25gBu0QEskWFqrJtbG2GYlPG9UZ4P.KYuh7.	supporter	2019-09-27	0xE576EBED474516Dace78768dE0311300CB137815	0x06569c49ee038da3d09fa313fadf498e57745867ea156398ea65a33cf94c901f	f	1235434124	{"How often do you make angel impact investments?":"Sometimes","Which are the areas of impact that you tackle? Based on the UN Sustainable Development Goals":["Fire"],"What's your company name?":"adsd"}	2	Atix Labs
38	Joaquin	null	joaquinh@iovlabs.org	$2b$10$75519G6pHTDJMgUjM25gBu0QEskWFqrJtbG2GYlPG9UZ4P.KYuh7.	supporter	2019-09-27	0x777Ee6a27808D1a0e674b73Cc111E5CAdf051043	0x2ce6d68978d7985bc597905fc555a3461bda76856754682eb1a935ef109925dd	f	1235434124	{"How often do you make angel impact investments?":"Sometimes","Which are the areas of impact that you tackle? Based on the UN Sustainable Development Goals":["Fire"],"What's your company name?":"adsd"}	2	Atix Labs
45	Audrey Joy Tan	null	audrey@playmoolah.com	$2b$10$75519G6pHTDJMgUjM25gBu0QEskWFqrJtbG2GYlPG9UZ4P.KYuh7.	supporter	2019-09-30	0xC360Bcd9429b15362E96928b85D442101CD29891	0x860e574f0bd380a25580db4a9acfe1d7918e09742b1e219be92b760d37dab366	f	1235434124	{"How often do you make angel impact investments?":"Sometimes","Which are the areas of impact that you tackle? Based on the UN Sustainable Development Goals":["Fire"],"What's your company name?":"adsd"}	2	Atix Labs
37	Leesa	null	leesa@stratificare.com	$2b$10$75519G6pHTDJMgUjM25gBu0QEskWFqrJtbG2GYlPG9UZ4P.KYuh7.	supporter	2019-09-27	0xa39291B4FC3DaA76406CF0D940aDFa374d2c466a	0xcb8c2f10d53b8573cbc67a0164d6c0952d331c58629fadd8c7a8ebc6d2401bc6	f	1235434124	{"How often do you make angel impact investments?":"Sometimes","Which are the areas of impact that you tackle? Based on the UN Sustainable Development Goals":["Fire"],"What's your company name?":"adsd"}	2	Atix Labs
48	Cher	null	cher@batubatu.com	$2b$10$75519G6pHTDJMgUjM25gBu0QEskWFqrJtbG2GYlPG9UZ4P.KYuh7.	supporter	2019-10-02	0x71F707715B7Ab85e190F7f999E9b94F75b9229A6	0xfe1e0fc9dbfe62d079d9381729a4dad6c76837ae6c75bb2fcb393e6a4fdf76df	f	1235434124	{"How often do you make angel impact investments?":"Sometimes","Which are the areas of impact that you tackle? Based on the UN Sustainable Development Goals":["Fire"],"What's your company name?":"adsd"}	2	Atix Labs
46	Bryan Low	null	b.low@credit-suisse.com	$2b$10$75519G6pHTDJMgUjM25gBu0QEskWFqrJtbG2GYlPG9UZ4P.KYuh7.	supporter	2019-10-01	0xe900211eCfBd9B038CcbCf1266EB2ce6eCeF10dF	0x8cf9356b17e2549ed54ab9e8ed042c5213ac440a6363b6d3e20f87e1e07ab720	f	1235434124	{"How often do you make angel impact investments?":"Sometimes","Which are the areas of impact that you tackle? Based on the UN Sustainable Development Goals":["Fire"],"What's your company name?":"adsd"}	2	Atix Labs
36	Zing Yang	null	Getzinged@gmail.com	$2b$10$75519G6pHTDJMgUjM25gBu0QEskWFqrJtbG2GYlPG9UZ4P.KYuh7.	supporter	2019-09-27	0x4529f704e8CF63846F896419cd5e7665f5d8C4Ec	0x605f4e973aba5aacb102e96ff82147c39145c332954aea7a82a6b0c172528cb9	f	1235434124	{"How often do you make angel impact investments?":"Sometimes","Which are the areas of impact that you tackle? Based on the UN Sustainable Development Goals":["Fire"],"What's your company name?":"adsd"}	2	Atix Labs
42	Meilinda Sutanto	null	meilinda22.sutanto@gmail.com	$2b$10$75519G6pHTDJMgUjM25gBu0QEskWFqrJtbG2GYlPG9UZ4P.KYuh7.	supporter	2019-09-27	0x0A36087C4Ca893Aaf5feD219348431c20971070f	0xa21edd0928b02b5f73c29fc779fbdebc2e57d0d6a582fa6788ae79576512cdd0	f	1235434124	{"How often do you make angel impact investments?":"Sometimes","Which are the areas of impact that you tackle? Based on the UN Sustainable Development Goals":["Fire"],"What's your company name?":"adsd"}	2	Atix Labs
41	Stephanie Hermawan	null	stephanie.hermawan@gmail.com	$2b$10$75519G6pHTDJMgUjM25gBu0QEskWFqrJtbG2GYlPG9UZ4P.KYuh7.	supporter	2019-09-27	0xD3E705d4beDeBEDd9A1922bd424D5788E56Dc5f8	0xd2d1d109cde5329e8729557d7e566cfb9b569644353ab76ad7119c933bb0b91a	f	1235434124	{"How often do you make angel impact investments?":"Sometimes","Which are the areas of impact that you tackle? Based on the UN Sustainable Development Goals":["Fire"],"What's your company name?":"adsd"}	2	Atix Labs
35	Agustin	null	agustin@iovlabs.org	$2b$10$75519G6pHTDJMgUjM25gBu0QEskWFqrJtbG2GYlPG9UZ4P.KYuh7.	supporter	2019-09-27	0x327d63B3f1F2e098BaDcE78ae27e8A33C3F779aF	0x7fce3c6b719104cbdba4eb49a8cc89315e5fb3abbac2c38a349a330332bc09b9	f	1235434124	{"How often do you make angel impact investments?":"Sometimes","Which are the areas of impact that you tackle? Based on the UN Sustainable Development Goals":["Fire"],"What's your company name?":"adsd"}	2	Atix Labs
34	Henry	null	henry@iovlabs.org	$2b$10$75519G6pHTDJMgUjM25gBu0QEskWFqrJtbG2GYlPG9UZ4P.KYuh7.	supporter	2019-09-27	0x8DD103335851CC65a502265FbFC7541840875bDf	0x33239e1394fa76906a5c2cdb23fc332894918f61e635c843df09d1b8197e02a1	f	1235434124	{"How often do you make angel impact investments?":"Sometimes","Which are the areas of impact that you tackle? Based on the UN Sustainable Development Goals":["Fire"],"What's your company name?":"adsd"}	2	Atix Labs
33	Diego	null	dgz@iovlabs.org	$2b$10$75519G6pHTDJMgUjM25gBu0QEskWFqrJtbG2GYlPG9UZ4P.KYuh7.	supporter	2019-09-27	0x574cdCc8553C5415815cB273e43D7dd8ac376671	0xea9cc96a8be36e2c696f8de39d6e5843c8ee40a6290a9f3a70d5e8791502640a	f	1235434124	{"How often do you make angel impact investments?":"Sometimes","Which are the areas of impact that you tackle? Based on the UN Sustainable Development Goals":["Fire"],"What's your company name?":"adsd"}	2	Atix Labs
89	Audrey Joy Tan  	null	audreytanyx@gmail.com	$2b$10$75519G6pHTDJMgUjM25gBu0QEskWFqrJtbG2GYlPG9UZ4P.KYuh7.	supporter	2019-11-26	0x3B217B05FCCA37d26e5d76728eD53c816b87eD4C	0xd2e99044f38ca7f0f095056b5c3034805c60822695858318f036ed7f31a945ef	t	1235434124	{"How often do you make angel impact investments?":"Sometimes","Which are the areas of impact that you tackle? Based on the UN Sustainable Development Goals":["Fire"],"What's your company name?":"adsd"}	2	Atix Labs
22	lucas funder	null	lsiebenberg+Funder@atixlabs.com	$2b$10$75519G6pHTDJMgUjM25gBu0QEskWFqrJtbG2GYlPG9UZ4P.KYuh7.	supporter	2019-08-26	0xed4293f6751ea850C7Cb48Cde78A82BBe8F19378	0xd08c436a213683d4b86f628f42daf565b94ba9276addcabc3bc6182daee92af1	f	1235434124	{"How often do you make angel impact investments?":"Sometimes","Which are the areas of impact that you tackle? Based on the UN Sustainable Development Goals":["Fire"],"What's your company name?":"adsd"}	2	Atix Labs
50	dfdsfs	null	a@a.com	$2b$10$75519G6pHTDJMgUjM25gBu0QEskWFqrJtbG2GYlPG9UZ4P.KYuh7.	supporter	2019-10-08	0x7F349200cBd5bF76fb32635Da2504d6b306fEc43	0x4422c3818ed653d1407aa7362c8e8da6d65014cff1c885f7f3a5598047e9dc1d	t	1235434124	{"How often do you make angel impact investments?":"Sometimes","Which are the areas of impact that you tackle? Based on the UN Sustainable Development Goals":["Fire"],"What's your company name?":"adsd"}	2	Atix Labs
95	Uriel	Padilla	upadilla+se1@atixlabs.com	$2b$10$75519G6pHTDJMgUjM25gBu0QEskWFqrJtbG2GYlPG9UZ4P.KYuh7.	supporter	2020-01-27	0x22c85fB2A3ce705E81BA6EeE2650a6B5B62D60c6	0x3b028a22082acdd8acbedb3d559fa3d1f149609905056a29a59e13a316c53492	f	1235434124	{"How often do you make angel impact investments?":"Sometimes","Which are the areas of impact that you tackle? Based on the UN Sustainable Development Goals":["Fire"],"What's your company name?":"adsd"}	2	Atix Labs
52	Lucas Funder 2	null	lsiebenberg+funder2@atixlabs.com	$2b$10$75519G6pHTDJMgUjM25gBu0QEskWFqrJtbG2GYlPG9UZ4P.KYuh7.	supporter	2019-10-09	0x87930277FEA5107FF07A3784eabff35FcB4EAFd3	0xfff7505e7a06ab270d3c5764cc9b8a6b98544d7bfcbc53cec3099df4eb424bbf	f	1235434124	{"How often do you make angel impact investments?":"Sometimes","Which are the areas of impact that you tackle? Based on the UN Sustainable Development Goals":["Fire"],"What's your company name?":"adsd"}	2	Atix Labs
66	Michael Lao	null	michael.lao@missionkikaku.com	$2b$10$75519G6pHTDJMgUjM25gBu0QEskWFqrJtbG2GYlPG9UZ4P.KYuh7.	supporter	2019-11-04	0xF287e06b07D5E6D5b302f48d1199b34c9Bec6491	0xfbc2342267f2d3cfc5a20c98e1be8ed95ff9b9ebd674e0496c157e264e1986e5	f	1235434124	{"How often do you make angel impact investments?":"Sometimes","Which are the areas of impact that you tackle? Based on the UN Sustainable Development Goals":["Fire"],"What's your company name?":"adsd"}	2	Atix Labs
49	Cher	null	cher@batubatu.com.my	$2b$10$75519G6pHTDJMgUjM25gBu0QEskWFqrJtbG2GYlPG9UZ4P.KYuh7.	supporter	2019-10-04	0x52e06706b6D377C7d4dd9dacB66503244ACfe36f	0x310b60d6be1e895cbe638fb10d7497fb59abf9cc36cfbdca3d185b8d03ed404e	f	1235434124	{"How often do you make angel impact investments?":"Sometimes","Which are the areas of impact that you tackle? Based on the UN Sustainable Development Goals":["Fire"],"What's your company name?":"adsd"}	2	Atix Labs
54	Juana	null	juana@atixlabs.com	$2b$10$75519G6pHTDJMgUjM25gBu0QEskWFqrJtbG2GYlPG9UZ4P.KYuh7.	supporter	2019-10-17	0x2C1E71D4a606116bc7D20bdD34f870E53dc989A6	0xf573b97e2a1fdc057b7bb9f78384180fe7e1ae95db75a70fce86e48af95d621a	f	1235434124	{"How often do you make angel impact investments?":"Sometimes","Which are the areas of impact that you tackle? Based on the UN Sustainable Development Goals":["Fire"],"What's your company name?":"adsd"}	2	Atix Labs
62	Abigail	null	abigail@1880.com.sg	$2b$10$75519G6pHTDJMgUjM25gBu0QEskWFqrJtbG2GYlPG9UZ4P.KYuh7.	supporter	2019-10-30	0x9f9b72A7e58a258f2983C6Fd71530200Bcb42886	0x957c203e6bc05b8f229bba78bf4fc6ee87bd2cdfddb9c2515833c6b1e5de127d	f	1235434124	{"How often do you make angel impact investments?":"Sometimes","Which are the areas of impact that you tackle? Based on the UN Sustainable Development Goals":["Fire"],"What's your company name?":"adsd"}	2	Atix Labs
60	Rich Bodo	null	richbodo@gmail.com	$2b$10$75519G6pHTDJMgUjM25gBu0QEskWFqrJtbG2GYlPG9UZ4P.KYuh7.	supporter	2019-10-24	0x4ca4A19267040D27333CE68305C0f45B9F2d86D4	0x4f297ff733e1b9e068d1e571c866a3d3336424d91907c4bd67cec62465d60c51	f	1235434124	{"How often do you make angel impact investments?":"Sometimes","Which are the areas of impact that you tackle? Based on the UN Sustainable Development Goals":["Fire"],"What's your company name?":"adsd"}	2	Atix Labs
61	Andrew	null	andrew.hoppin@gmail.com	$2b$10$75519G6pHTDJMgUjM25gBu0QEskWFqrJtbG2GYlPG9UZ4P.KYuh7.	supporter	2019-10-24	0xD2B24C3a2145BCfd30E09cDB0103Ed8DED961678	0xf272ca3a2e2245ffcbebf9c2d3d27677cb97f9e7f0b0cff7b35c3d32c92f7818	f	1235434124	{"How often do you make angel impact investments?":"Sometimes","Which are the areas of impact that you tackle? Based on the UN Sustainable Development Goals":["Fire"],"What's your company name?":"adsd"}	2	Atix Labs
63	Clare Markham	null	clare@startuptoken.com	$2b$10$75519G6pHTDJMgUjM25gBu0QEskWFqrJtbG2GYlPG9UZ4P.KYuh7.	supporter	2019-11-01	0x247b36b97f2525E55C723a6BEA6a83Fc511ABbea	0xd7470c4dbd5c2d8da6b9dd746a7ac674c74335465ef4fba115062dffba74f771	f	1235434124	{"How often do you make angel impact investments?":"Sometimes","Which are the areas of impact that you tackle? Based on the UN Sustainable Development Goals":["Fire"],"What's your company name?":"adsd"}	2	Atix Labs
74	Brianna Moy	null	brianna.k.moy@gmail.com	$2b$10$75519G6pHTDJMgUjM25gBu0QEskWFqrJtbG2GYlPG9UZ4P.KYuh7.	supporter	2019-11-12	0xfaa88F5d56506C56Acc4c9d01073eFa96AA27084	0xd671355aeeeec630ad8fef872805a2f1cd3014b9731d0c4ff5c25bb9d728cbe1	f	1235434124	{"How often do you make angel impact investments?":"Sometimes","Which are the areas of impact that you tackle? Based on the UN Sustainable Development Goals":["Fire"],"What's your company name?":"adsd"}	2	Atix Labs
75	Douglas 	null	douglas.t.wu@gmail.com	$2b$10$75519G6pHTDJMgUjM25gBu0QEskWFqrJtbG2GYlPG9UZ4P.KYuh7.	supporter	2019-11-12	0xfdb14948Cf5CC4b3a6bB4f13F41305948aa756dc	0x2723fb1a0d6b5fa0e674010269a92634830f4d09236b87ba6f359bb59ae06840	f	1235434124	{"How often do you make angel impact investments?":"Sometimes","Which are the areas of impact that you tackle? Based on the UN Sustainable Development Goals":["Fire"],"What's your company name?":"adsd"}	2	Atix Labs
71	Silas Woodruff	null	sbwoodruff@gmail.com	$2b$10$75519G6pHTDJMgUjM25gBu0QEskWFqrJtbG2GYlPG9UZ4P.KYuh7.	supporter	2019-11-12	0x5Eb3cA8f06B1ac1ebC81E91f92841583239C71dB	0x6e4b8f48b5eca7016b016d04736b3a5a3e0790a288c2aff7ab2a3308774f56f0	f	1235434124	{"How often do you make angel impact investments?":"Sometimes","Which are the areas of impact that you tackle? Based on the UN Sustainable Development Goals":["Fire"],"What's your company name?":"adsd"}	2	Atix Labs
73	Eugene Wong	null	eugene8080@gmail.com	$2b$10$75519G6pHTDJMgUjM25gBu0QEskWFqrJtbG2GYlPG9UZ4P.KYuh7.	supporter	2019-11-12	0x9bbb7DB1F7722052c2D30Ce17831E53A5aAE5cEA	0x5e9d7ab94bce803c52722fe000c29b72ede7a46567401df648276bf773ec6303	f	1235434124	{"How often do you make angel impact investments?":"Sometimes","Which are the areas of impact that you tackle? Based on the UN Sustainable Development Goals":["Fire"],"What's your company name?":"adsd"}	2	Atix Labs
72	Harry Wind	null	harrywind@gmail.com	$2b$10$75519G6pHTDJMgUjM25gBu0QEskWFqrJtbG2GYlPG9UZ4P.KYuh7.	supporter	2019-11-12	0xEf6fc7a1cA1d34c50eDA884b69946bf25D7b442d	0x1d99fd29ccc55e26ec8d78308c13903ee0019365eb5fa94bb3d1525048281321	f	1235434124	{"How often do you make angel impact investments?":"Sometimes","Which are the areas of impact that you tackle? Based on the UN Sustainable Development Goals":["Fire"],"What's your company name?":"adsd"}	2	Atix Labs
69	Richard Zen 	null	rich.zen@gmail.com	$2b$10$75519G6pHTDJMgUjM25gBu0QEskWFqrJtbG2GYlPG9UZ4P.KYuh7.	supporter	2019-11-12	0xD42C0eDDB88E5207313e1853BB26235cEED20A6E	0x6ec4684d2a62bd48f6debd34172407e6e742ad9e7a0ec934317cb0aff2e8cca6	f	1235434124	{"How often do you make angel impact investments?":"Sometimes","Which are the areas of impact that you tackle? Based on the UN Sustainable Development Goals":["Fire"],"What's your company name?":"adsd"}	2	Atix Labs
77	Test 2	null	enelcirculo@yopmail.com	$2b$10$75519G6pHTDJMgUjM25gBu0QEskWFqrJtbG2GYlPG9UZ4P.KYuh7.	supporter	2019-11-12	0x1De11AC9ecA2D1d10d434f1C77b4Beb0EEa5C23F	0xbd0becda021100fa89551430a2a11e4db7649c1865b7b7aba7d085ff45fe456f	f	1235434124	{"How often do you make angel impact investments?":"Sometimes","Which are the areas of impact that you tackle? Based on the UN Sustainable Development Goals":["Fire"],"What's your company name?":"adsd"}	2	Atix Labs
78	Qin	null	qinpei@1880.com.sg	$2b$10$75519G6pHTDJMgUjM25gBu0QEskWFqrJtbG2GYlPG9UZ4P.KYuh7.	supporter	2019-11-13	0x04203A3CDfC69896Aa16d11035dB2f5057cB386f	0x4ae386c52910effa230caf4022ea7d40eea7b0586c12cf8ee1abdfe65104690e	f	1235434124	{"How often do you make angel impact investments?":"Sometimes","Which are the areas of impact that you tackle? Based on the UN Sustainable Development Goals":["Fire"],"What's your company name?":"adsd"}	2	Atix Labs
79	Elizabeth Tan 	null	elizabeth@questventures.com	$2b$10$75519G6pHTDJMgUjM25gBu0QEskWFqrJtbG2GYlPG9UZ4P.KYuh7.	supporter	2019-11-14	0x0414ea6664c25270D265B166E347fACBE93EE6Fa	0x1e771dc4d56d9df445c74311462c7f0a8d3fcbefc9193bcb90d6ceb632f09ef1	f	1235434124	{"How often do you make angel impact investments?":"Sometimes","Which are the areas of impact that you tackle? Based on the UN Sustainable Development Goals":["Fire"],"What's your company name?":"adsd"}	2	Atix Labs
80	asdadasdsa	null	a@abc.com	$2b$10$75519G6pHTDJMgUjM25gBu0QEskWFqrJtbG2GYlPG9UZ4P.KYuh7.	supporter	2019-11-25	0xdde2705b60653DC02FA0655d1d05ea08A4BCA91B	0x551d95cf7f300ea5297fbb15869c586a78a2f522c2906867f0c5f1ec10085ae9	t	1235434124	{"How often do you make angel impact investments?":"Sometimes","Which are the areas of impact that you tackle? Based on the UN Sustainable Development Goals":["Fire"],"What's your company name?":"adsd"}	2	Atix Labs
82	Funder test	null	lsiebenberg+funder3@atixlabs.com	$2b$10$75519G6pHTDJMgUjM25gBu0QEskWFqrJtbG2GYlPG9UZ4P.KYuh7.	supporter	2019-11-25	0x18137c29AF107B8BBa67e799Ecc415276F9BB9F6	0x9d5edc2fcd84577e8246fab82cfa13027181a8f73b7ef1ba77ecee9a5a705d12	t	1235434124	{"How often do you make angel impact investments?":"Sometimes","Which are the areas of impact that you tackle? Based on the UN Sustainable Development Goals":["Fire"],"What's your company name?":"adsd"}	2	Atix Labs
83	Oracle test	null	lsiebenberg+oraclecoa@atixlabs.com	$2b$10$75519G6pHTDJMgUjM25gBu0QEskWFqrJtbG2GYlPG9UZ4P.KYuh7.	supporter	2019-11-25	0x3bb21Bc92bEed4696bB76F2497FCeEe12021b767	0x481d565303322f0f9a5f818d8c2acdedddc99d2e852bac91a509c03842a10576	t	1235434124	{"How often do you make angel impact investments?":"Sometimes","Which are the areas of impact that you tackle? Based on the UN Sustainable Development Goals":["Fire"],"What's your company name?":"adsd"}	2	Atix Labs
87	asdsadas	null	qq@aa.com	$2b$10$75519G6pHTDJMgUjM25gBu0QEskWFqrJtbG2GYlPG9UZ4P.KYuh7.	supporter	2019-11-25	0x7eEC3FbEBDDFe93317Ed3cF9C7F1386e0AfC3c49	0x66df7218410290a334e53f888cdd7e7a31986be65282db1e5807adb5b21be6c0	t	1235434124	{"How often do you make angel impact investments?":"Sometimes","Which are the areas of impact that you tackle? Based on the UN Sustainable Development Goals":["Fire"],"What's your company name?":"adsd"}	2	Atix Labs
88	Funderisimo	null	funder@funder.com	$2b$10$75519G6pHTDJMgUjM25gBu0QEskWFqrJtbG2GYlPG9UZ4P.KYuh7.	supporter	2019-11-25	0xd16Cb3Bb4fbfffd6f2CC808E7446a8dD4BD9c873	0x82080399596f5a22a4306b81dc10671ab9d5e04cd1447d56578d33944e4a1e3e	t	1235434124	{"How often do you make angel impact investments?":"Sometimes","Which are the areas of impact that you tackle? Based on the UN Sustainable Development Goals":["Fire"],"What's your company name?":"adsd"}	2	Atix Labs
84	funder test 2	null	lsiebenberg+funder4@atixlabs.com	$2b$10$75519G6pHTDJMgUjM25gBu0QEskWFqrJtbG2GYlPG9UZ4P.KYuh7.	supporter	2019-11-25	0x9cDa62e2589308aB16bdD4379CfdbCC94E63a455	0x2b2faee7c93cda8075e47f42058be4a44aec1eee7be0c348f474a9eabc51795a	f	1235434124	{"How often do you make angel impact investments?":"Sometimes","Which are the areas of impact that you tackle? Based on the UN Sustainable Development Goals":["Fire"],"What's your company name?":"adsd"}	2	Atix Labs
85	funder test 5	null	lsiebenberg+funder5@atixlabs.com	$2b$10$75519G6pHTDJMgUjM25gBu0QEskWFqrJtbG2GYlPG9UZ4P.KYuh7.	supporter	2019-11-25	0x837D9a95e1620B3357314CAaF775B4EF44dFC512	0x26753d9bafe88c48ed5c78f3b9972fd80df05389543759fe55a85f50ef925119	f	1235434124	{"How often do you make angel impact investments?":"Sometimes","Which are the areas of impact that you tackle? Based on the UN Sustainable Development Goals":["Fire"],"What's your company name?":"adsd"}	2	Atix Labs
4	Mario Ferro	null	mario@weduglobal.org	$2b$10$75519G6pHTDJMgUjM25gBu0QEskWFqrJtbG2GYlPG9UZ4P.KYuh7.	entrepreneur	2019-08-01	0x5b0ae1508b650CEd423F59E7c089271E2834d572	0x4ec15c7171017d58fd9b1f670656ba0463fa783dd77f2a2a6eb305f5b14755e6	f	1235434124	{"How often do you make angel impact investments?":"Sometimes","Which are the areas of impact that you tackle? Based on the UN Sustainable Development Goals":["Fire"],"What's your company name?":"adsd"}	2	Atix Labs
15	lucas siebenberg	null	lsiebenberg@atixlabs.com	$2b$10$75519G6pHTDJMgUjM25gBu0QEskWFqrJtbG2GYlPG9UZ4P.KYuh7.	entrepreneur	2019-08-14	0xf29d6BC3bf452B5A717Ac36822e74CC08F296Fac	0x5b7c7c48c7f88a26df3203663363c70d5ec1ea61475517d7f2fd8b27f608b0eb	t	1235434124	{"How often do you make angel impact investments?":"Sometimes","Which are the areas of impact that you tackle? Based on the UN Sustainable Development Goals":["Fire"],"What's your company name?":"adsd"}	2	Atix Labs
20	Leonel Gobbi	null	lgobbi@atixlabs.com	$2b$10$75519G6pHTDJMgUjM25gBu0QEskWFqrJtbG2GYlPG9UZ4P.KYuh7.	entrepreneur	2019-08-20	0xE94738ab1B5B08B129023156487870D0818Ed5cb	0xc6de8f62e552e6688dfa46e90cf12ef245cb151c4693403f24f6597627160d77	f	1235434124	{"How often do you make angel impact investments?":"Sometimes","Which are the areas of impact that you tackle? Based on the UN Sustainable Development Goals":["Fire"],"What's your company name?":"adsd"}	2	Atix Labs
18	Anthony Chua	null	anthony.chuajs@stratificare.com	$2b$10$75519G6pHTDJMgUjM25gBu0QEskWFqrJtbG2GYlPG9UZ4P.KYuh7.	entrepreneur	2019-08-16	0x33d05a1f6C0FFCbC88E51bC3664ff970b5FD21C7	0xdcf6a2141998a8c4f08b4c77dd56723ea5df862861e4395187d7537c6cce8550	f	1235434124	{"How often do you make angel impact investments?":"Sometimes","Which are the areas of impact that you tackle? Based on the UN Sustainable Development Goals":["Fire"],"What's your company name?":"adsd"}	2	Atix Labs
19	Lucas	null	lsiebenberg+coa1@atixlabs.com	$2b$10$75519G6pHTDJMgUjM25gBu0QEskWFqrJtbG2GYlPG9UZ4P.KYuh7.	entrepreneur	2019-08-20	0x3284e3aa5219559A3aeB96513b8931C747b865AA	0xd524c569d6926d01203d0abb11d03bd757b810f14e24134f8f70095f55ee47b7	f	1235434124	{"How often do you make angel impact investments?":"Sometimes","Which are the areas of impact that you tackle? Based on the UN Sustainable Development Goals":["Fire"],"What's your company name?":"adsd"}	2	Atix Labs
23	Irum Musharraf	null	irum@weduglobal.org	$2b$10$75519G6pHTDJMgUjM25gBu0QEskWFqrJtbG2GYlPG9UZ4P.KYuh7.	entrepreneur	2019-08-27	0x6D7B00CA4134fd2bDD83DB330522e40e326311Ec	0xa092c42e8b04cc588c077ede83e987071d06bc762e1d9179b2c0cc49b3581605	f	1235434124	{"How often do you make angel impact investments?":"Sometimes","Which are the areas of impact that you tackle? Based on the UN Sustainable Development Goals":["Fire"],"What's your company name?":"adsd"}	2	Atix Labs
24	Suzana Salim	null	suzana@weduglobal.org	$2b$10$75519G6pHTDJMgUjM25gBu0QEskWFqrJtbG2GYlPG9UZ4P.KYuh7.	entrepreneur	2019-08-27	0xcd33eFE72Ca51BEE635DfD8d7a40F6065005c5f0	0x9c5e72ae0a25eecf53083739ffb4beb1c9421c56eaed0f689b6b812ad6981ecf	f	1235434124	{"How often do you make angel impact investments?":"Sometimes","Which are the areas of impact that you tackle? Based on the UN Sustainable Development Goals":["Fire"],"What's your company name?":"adsd"}	2	Atix Labs
27	Rachel	null	rachel@yellowleafhammocks.com	$2b$10$75519G6pHTDJMgUjM25gBu0QEskWFqrJtbG2GYlPG9UZ4P.KYuh7.	entrepreneur	2019-09-16	0x7355f261F5aDd8C813779fe78Aa223b6d5410109	0xd0cea23ff4db6d0d0d59cb786391c8a6cf1b284ace8654db33f644404869b131	f	1235434124	{"How often do you make angel impact investments?":"Sometimes","Which are the areas of impact that you tackle? Based on the UN Sustainable Development Goals":["Fire"],"What's your company name?":"adsd"}	2	Atix Labs
39	Social Enterprise 	null	setest@se.com	$2b$10$75519G6pHTDJMgUjM25gBu0QEskWFqrJtbG2GYlPG9UZ4P.KYuh7.	entrepreneur	2019-09-27	0xCA24f02F1e0034Eb6510DAaA362234D768CcCb23	0x7c45a34b37e8bc6aae149139a9af7c97f44f70cc57ef7c71b6c19c7262287c44	f	1235434124	{"How often do you make angel impact investments?":"Sometimes","Which are the areas of impact that you tackle? Based on the UN Sustainable Development Goals":["Fire"],"What's your company name?":"adsd"}	2	Atix Labs
16	lucas tomas siebenberg	null	lsiebenberg+coa@atixlabs.com	$2b$10$75519G6pHTDJMgUjM25gBu0QEskWFqrJtbG2GYlPG9UZ4P.KYuh7.	entrepreneur	2019-08-14	0xCAa26eb7744850786610A10785f64F185580fE7a	0x81ceecb2fd3531172af499bde9f14fb3e014aae95559097eeb9340b8a896c3a5	f	1235434124	{"How often do you make angel impact investments?":"Sometimes","Which are the areas of impact that you tackle? Based on the UN Sustainable Development Goals":["Fire"],"What's your company name?":"adsd"}	2	Atix Labs
51	Carlos Slim	null	carlos@yopmail.com	$2b$10$75519G6pHTDJMgUjM25gBu0QEskWFqrJtbG2GYlPG9UZ4P.KYuh7.	entrepreneur	2019-10-08	0x72Ae2db4dCa95F462Ba9c798173D37A5a8D90070	0xc585b973895d6b6386c89fce51698667dbab6814629790ead8b58bdd8a05b6a8	f	1235434124	{"How often do you make angel impact investments?":"Sometimes","Which are the areas of impact that you tackle? Based on the UN Sustainable Development Goals":["Fire"],"What's your company name?":"adsd"}	2	Atix Labs
53	Lishia Erza	null	lishia.erza@asyx.com	$2b$10$75519G6pHTDJMgUjM25gBu0QEskWFqrJtbG2GYlPG9UZ4P.KYuh7.	entrepreneur	2019-10-14	0x2EFE87f09A9505Fd33c0f43DF2Df4e9090793337	0x43e684650b81161e54a8be40b97eacc1c22dbfef799a2d3dc974e17e48a803ea	f	1235434124	{"How often do you make angel impact investments?":"Sometimes","Which are the areas of impact that you tackle? Based on the UN Sustainable Development Goals":["Fire"],"What's your company name?":"adsd"}	2	Atix Labs
57	Kelvin Koh	null	kelvinkoh@kommunityventures.com	$2b$10$75519G6pHTDJMgUjM25gBu0QEskWFqrJtbG2GYlPG9UZ4P.KYuh7.	entrepreneur	2019-10-24	0x71a04D7d844cAc0319df804bFE242b6Da184b191	0x812b95173e509d4374fd5c932b13ad883d1b7caa8370da96d622f113db1403f6	f	1235434124	{"How often do you make angel impact investments?":"Sometimes","Which are the areas of impact that you tackle? Based on the UN Sustainable Development Goals":["Fire"],"What's your company name?":"adsd"}	2	Atix Labs
58	Ivan	null	ivan@kommunityventures.com	$2b$10$75519G6pHTDJMgUjM25gBu0QEskWFqrJtbG2GYlPG9UZ4P.KYuh7.	entrepreneur	2019-10-24	0x275e0e085FAA9D70cD29668D565B99069f9D1A57	0x75469b15fe9beb97a98b0cd9ac1c3f9b7243325fe70dec781139f57389ec4590	f	1235434124	{"How often do you make angel impact investments?":"Sometimes","Which are the areas of impact that you tackle? Based on the UN Sustainable Development Goals":["Fire"],"What's your company name?":"adsd"}	2	Atix Labs
55	Trevor Powell	null	trevor.powell@impacts.com	$2b$10$75519G6pHTDJMgUjM25gBu0QEskWFqrJtbG2GYlPG9UZ4P.KYuh7.	entrepreneur	2019-10-22	0x67246dAC7f5FF4bc391272f052F0698C9a07203E	0x5eddafbc60f7e001f6ee8287327e7ee169c87216de26f764380d745c033261b3	f	1235434124	{"How often do you make angel impact investments?":"Sometimes","Which are the areas of impact that you tackle? Based on the UN Sustainable Development Goals":["Fire"],"What's your company name?":"adsd"}	2	Atix Labs
59	Gerald	null	gerald@kommunityventures.com	$2b$10$75519G6pHTDJMgUjM25gBu0QEskWFqrJtbG2GYlPG9UZ4P.KYuh7.	entrepreneur	2019-10-24	0x32e8f11a5c8F0A1DD52c2A5e43f3d7b6dEB4D114	0x680f430c2fadbdc54e9694cd49a2baa5a7e28f04de47f02cf4a857cd92c22ef9	f	1235434124	{"How often do you make angel impact investments?":"Sometimes","Which are the areas of impact that you tackle? Based on the UN Sustainable Development Goals":["Fire"],"What's your company name?":"adsd"}	2	Atix Labs
56	El Lee	null	el.lee@impacts.com	$2b$10$75519G6pHTDJMgUjM25gBu0QEskWFqrJtbG2GYlPG9UZ4P.KYuh7.	entrepreneur	2019-10-22	0x8b06B833bD23c31B1F9079316ED9434e58e1D6EA	0x724c0bbb44dddfeb89fdfdfe6c478038efd7efba83a044e559188ad6252e4244	f	1235434124	{"How often do you make angel impact investments?":"Sometimes","Which are the areas of impact that you tackle? Based on the UN Sustainable Development Goals":["Fire"],"What's your company name?":"adsd"}	2	Atix Labs
65	Will Lan	null	zonghengnihao@sina.com	$2b$10$75519G6pHTDJMgUjM25gBu0QEskWFqrJtbG2GYlPG9UZ4P.KYuh7.	entrepreneur	2019-11-04	0xd4d836e96f927c6138aE162d0bc78C56e2675D6c	0x09911ff2fc25d648551847aa68cb62313eaa82b61f15d6848ec19936b6d5959d	f	1235434124	{"How often do you make angel impact investments?":"Sometimes","Which are the areas of impact that you tackle? Based on the UN Sustainable Development Goals":["Fire"],"What's your company name?":"adsd"}	2	Atix Labs
64	Chenyu	null	zchenyu526@163.com	$2b$10$75519G6pHTDJMgUjM25gBu0QEskWFqrJtbG2GYlPG9UZ4P.KYuh7.	entrepreneur	2019-11-04	0x9A52e99DF68981C46C7591134425Af34dAC4D99B	0xab3ee29cefef2051983e9f9bb768674eec8c4121ba2f26a8b0c555faa4856232	f	1235434124	{"How often do you make angel impact investments?":"Sometimes","Which are the areas of impact that you tackle? Based on the UN Sustainable Development Goals":["Fire"],"What's your company name?":"adsd"}	2	Atix Labs
81	Social entrepreneur test	null	lsiebenberg+sociale@atixlabs.com	$2b$10$75519G6pHTDJMgUjM25gBu0QEskWFqrJtbG2GYlPG9UZ4P.KYuh7.	entrepreneur	2019-11-25	0x26683f124bB1bB624d4893D9073998d27c2348C5	0xee7e49bdf62710f603aed2a56d5f360ac2fc69ceccba740f96bfff037fdfc7d3	t	1235434124	{"How often do you make angel impact investments?":"Sometimes","Which are the areas of impact that you tackle? Based on the UN Sustainable Development Goals":["Fire"],"What's your company name?":"adsd"}	2	Atix Labs
90	Beverly B	null	beverlyb.atwork@gmail.com	$2b$10$75519G6pHTDJMgUjM25gBu0QEskWFqrJtbG2GYlPG9UZ4P.KYuh7.	entrepreneur	2019-11-26	0x0fac6F775ce8a87fE0939eFc7f794C5dEd5467a1	0x3ec7a3bc37d5a9e62f967bb0f794d653e96ce9581dd172ea6353e57cefe61057	t	1235434124	{"How often do you make angel impact investments?":"Sometimes","Which are the areas of impact that you tackle? Based on the UN Sustainable Development Goals":["Fire"],"What's your company name?":"adsd"}	2	Atix Labs
91	Sehat Kahani	null	sara@sehatkahani.com	$2b$10$75519G6pHTDJMgUjM25gBu0QEskWFqrJtbG2GYlPG9UZ4P.KYuh7.	entrepreneur	2019-12-11	0xF8e5750669E98b6BDec18604f7062415C7Cf0DCA	0x1a81835255ebec11de10050bea39d735e9b2add703d915ed694a25b8e421baa4	t	1235434124	{"How often do you make angel impact investments?":"Sometimes","Which are the areas of impact that you tackle? Based on the UN Sustainable Development Goals":["Fire"],"What's your company name?":"adsd"}	2	Atix Labs
92	Sehat Kahani	null	sara.khurrum27@gmail.com	$2b$10$75519G6pHTDJMgUjM25gBu0QEskWFqrJtbG2GYlPG9UZ4P.KYuh7.	entrepreneur	2019-12-11	0x4DE2a070e69BE1d52555B0716C3927C333A51595	0x7ef7f0bc8852eeb08109802d8e619d259072e5207335fae5c119cdf568d9c346	t	1235434124	{"How often do you make angel impact investments?":"Sometimes","Which are the areas of impact that you tackle? Based on the UN Sustainable Development Goals":["Fire"],"What's your company name?":"adsd"}	2	Atix Labs
9	AUDREY TAN	null	Audreytanyx@gmail.com	$2b$10$75519G6pHTDJMgUjM25gBu0QEskWFqrJtbG2GYlPG9UZ4P.KYuh7.	supporter	2019-08-13	0x018745dD4f637B0c5827118372e38e73a9e08762	0xd64aa4afae3464f77b7002d631148ecf8e8c05fefb0fc5bf16e8e08519f40083	f	1235434124	{"How often do you make angel impact investments?":"Sometimes","Which are the areas of impact that you tackle? Based on the UN Sustainable Development Goals":["Fire"],"What's your company name?":"adsd"}	2	Atix Labs
5	Patricia Lim	null	pat@circlesofangels.com	$2b$10$75519G6pHTDJMgUjM25gBu0QEskWFqrJtbG2GYlPG9UZ4P.KYuh7.	supporter	2019-08-01	0x7f267F8712a67D82f4d65C7bba6E1918Fd3fF222	0x4ca7f17fb1fdf6e922adb404843ecbfc136da55f8c35e3d15e194100d4b9d76c	f	1235434124	{"How often do you make angel impact investments?":"Sometimes","Which are the areas of impact that you tackle? Based on the UN Sustainable Development Goals":["Fire"],"What's your company name?":"adsd"}	2	Atix Labs
86	asdadas	null	q@a.com	$2b$10$75519G6pHTDJMgUjM25gBu0QEskWFqrJtbG2GYlPG9UZ4P.KYuh7.	supporter	2019-11-25	0x2ad6F24092FE1f1197C17dA5F02E9112553778bc	0xdc77ea7375f6b62d779ef63fa3559dbbe237e80eed7db012540dc6fb26a7d6e0	t	1235434124	{"How often do you make angel impact investments?":"Sometimes","Which are the areas of impact that you tackle? Based on the UN Sustainable Development Goals":["Fire"],"What's your company name?":"adsd"}	2	Atix Labs
6	Emily Lam Ho 	null	Emily@emilylamho.com	$2b$10$75519G6pHTDJMgUjM25gBu0QEskWFqrJtbG2GYlPG9UZ4P.KYuh7.	supporter	2019-08-01	0x9F1a22f4920F325e4E90e64842eA92a104220fcA	0x65d99a7b8701f4962204fc3adfebf76d7deccfc08b0d1f6b1a7ab33373ace76e	f	1235434124	{"How often do you make angel impact investments?":"Sometimes","Which are the areas of impact that you tackle? Based on the UN Sustainable Development Goals":["Fire"],"What's your company name?":"adsd"}	2	Atix Labs
7	AUDREY Joy	null	audreyjoytan@gmail.com	$2b$10$75519G6pHTDJMgUjM25gBu0QEskWFqrJtbG2GYlPG9UZ4P.KYuh7.	supporter	2019-08-01	0x11aBB567a5F9d1e7D0B5862AD92652eF1f96a65b	0x3fd58a88c588670ce016ea78004f0f589b00fba11dfa3621ebf8c7ad38e6bff7	f	1235434124	{"How often do you make angel impact investments?":"Sometimes","Which are the areas of impact that you tackle? Based on the UN Sustainable Development Goals":["Fire"],"What's your company name?":"adsd"}	2	Atix Labs
11	Ivan Kwong	null	isskwong@gmail.com	$2b$10$75519G6pHTDJMgUjM25gBu0QEskWFqrJtbG2GYlPG9UZ4P.KYuh7.	supporter	2019-08-13	0x2C49727f30748bE16595c9936c497E1d9F282729	0xa6c99fbeaec9f71493b6b57efef573a093f7cb93381dbb2cec11b4ba2f268109	f	1235434124	{"How often do you make angel impact investments?":"Sometimes","Which are the areas of impact that you tackle? Based on the UN Sustainable Development Goals":["Fire"],"What's your company name?":"adsd"}	2	Atix Labs
8	Gerald Tock	null	geraldtock@gmail.clom	$2b$10$75519G6pHTDJMgUjM25gBu0QEskWFqrJtbG2GYlPG9UZ4P.KYuh7.	supporter	2019-08-13	0x456C05ce9e1D63c348adD3Df64CcC88A666cFe13	0xbc486f60bd8a3421426a464388e42345e9d7c87876fa6573172d3bcd7cef3575	f	1235434124	{"How often do you make angel impact investments?":"Sometimes","Which are the areas of impact that you tackle? Based on the UN Sustainable Development Goals":["Fire"],"What's your company name?":"adsd"}	2	Atix Labs
10	Bernadette Cho	null	bernadette.cho@gmail.com	$2b$10$75519G6pHTDJMgUjM25gBu0QEskWFqrJtbG2GYlPG9UZ4P.KYuh7.	supporter	2019-08-13	0x6C9Bd9c77564EDe2620E84987345aaBFEaadDe74	0xc3bdf5611df4451e0af63809dca2ff5bf168e0c6cd59f9560541a6add6ace428	f	1235434124	{"How often do you make angel impact investments?":"Sometimes","Which are the areas of impact that you tackle? Based on the UN Sustainable Development Goals":["Fire"],"What's your company name?":"adsd"}	2	Atix Labs
96	leo	supporter	lgobbi+supp1@atixlabs.com	$2b$10$75519G6pHTDJMgUjM25gBu0QEskWFqrJtbG2GYlPG9UZ4P.KYuh7.	supporter	2020-01-30	0x8c40369542563acdbC5974F27971791475Af58d2	0xfcc73b0c3ae8b4f343fb56b4a12e5cdd7bac2cde69ef4939d239036a0eeee203	f	1235434124	{"How often do you make angel impact investments?":"Sometimes","Which are the areas of impact that you tackle? Based on the UN Sustainable Development Goals":["Fire"],"What's your company name?":"adsd"}	2	Atix Labs
97	Leo	Entrepreneur	lgobbi+1@atixlabs.com	$2b$10$75519G6pHTDJMgUjM25gBu0QEskWFqrJtbG2GYlPG9UZ4P.KYuh7.	entrepreneur	2020-01-30	0xddd41D6f1F5a6312C82690EA9e4340f81c7E8254	0x6737d9efebc929ac2d9ece77e33694b1bd75116755053c77f80d98b38c7227cb	f	1235434124	{"How often do you make angel impact investments?":"Sometimes","Which are the areas of impact that you tackle? Based on the UN Sustainable Development Goals":["Fire"],"What's your company name?":"adsd"}	2	Atix Labs
1	admin	null	admin@test.com	$2b$10$75519G6pHTDJMgUjM25gBu0QEskWFqrJtbG2GYlPG9UZ4P.KYuh7.	admin	2019-07-31	0xf6d1ee538fdAABf7DCef47d9403D40F49Dc6c2Ec	0x9A4A5A791B6A28CE21F13CA32241641762EA8411ECC326F497D6091596D653CF	f	1235434124	{"How often do you make angel impact investments?":"Sometimes","Which are the areas of impact that you tackle? Based on the UN Sustainable Development Goals":["Fire"],"What's your company name?":"adsd"}	2	Atix Labs
102	asdasdas	asdas	lgobbi+456@atixlabs.com	$2b$10$75519G6pHTDJMgUjM25gBu0QEskWFqrJtbG2GYlPG9UZ4P.KYuh7.	supporter	2020-02-07	0xE8C7c47eE33c891e525847e667AA24846bCd546A	0x4c15e763b5a35689db3d00d9988f89d27fee27587cb96e0faffb810dff0d12a3	f	1235434124	{"How often do you make angel impact investments?":"Sometimes","Which are the areas of impact that you tackle? Based on the UN Sustainable Development Goals":["Fire"],"What's your company name?":"adsd"}	2	Atix Labs
98	curator	project	curator@test.com	$2b$10$75519G6pHTDJMgUjM25gBu0QEskWFqrJtbG2GYlPG9UZ4P.KYuh7.	curator	2019-07-31	0xf6d1ee538fdAABf7DCef47d9403D40F49Fc6c2Ec	0x9A4A5A791B6A28CE21F13CA32241641762EA8411ECC426F497D6091596D653CF	f	1235434124	{"How often do you make angel impact investments?":"Sometimes","Which are the areas of impact that you tackle? Based on the UN Sustainable Development Goals":["Fire"],"What's your company name?":"adsd"}	2	Atix Labs
99	operator	bank	bankop@test.com	$2b$10$75519G6pHTDJMgUjM25gBu0QEskWFqrJtbG2GYlPG9UZ4P.KYuh7.	bankoperator	2019-07-31	0xf6d1ee538fdAABf7DCef47d9403D40F49Ec6c2Ec	0x9A4A5A791B6A28CE21F13CA32241641762EA8411FCC326F497D6091596D653CF	f	1235434124	{"How often do you make angel impact investments?":"Sometimes","Which are the areas of impact that you tackle? Based on the UN Sustainable Development Goals":["Fire"],"What's your company name?":"adsd"}	2	Atix Labs
\.


--
-- TOC entry 3188 (class 0 OID 39325)
-- Dependencies: 208
-- Data for Name: project; Type: TABLE DATA; Schema: public; Owner: -
--

COPY public.project (id, "projectName", "ownerId", "createdAt", mission, location, "problemAddressed", timeframe, status, "goalAmount", "faqLink", "coverPhotoPath", "cardPhotoPath", "milestonePath", proposal, "agreementJson", "consensusSeconds", "lastUpdatedStatusAt", "fundingSeconds", address, "agreementFilePath", "proposalFilePath") FROM stdin;
20	Hello Project	97	2020-02-03	Hello Mission	China	Hello Problem	A	rejected	123		/files/projects/coverPhotos/6/6c27af9529000f206699d5c315f09b67.jpeg	/files/projects/cardPhotos/0/0a85d865e0abd24fdecfc942b846d43d.jpeg	/files/projects/milestones/4/49521da9994ebb6319bb963392a9fda3.xlsx	<p>PROPOSAL ASD</p>	\N	12	2020-03-10 10:37:00.464-03	12	\N	\N	\N
8	Wedu Global Fisa 	4	2019-08-01	 We envision a world where half of leaders in every sector are women. Our mission is to nurture the leadership potential of women across Asia by providing mentorship, learning tools and access to innovative financing options to complete higher education. To date we have served 1,313 women from 25 countries in Asia, managed over 30,000 hours of mentorship and we are pioneering the use of Future Income Sharing Agreements (FISA) to fund education in Asia.\n	Cambodia, Thailand, Nepal, Bangladesh 	With CoA, we will be able to expand our FISA offering and fund the education of many more talented women across Asia. Most importantly, we want to prove together that FISA can be a financially sustainable tool to fund education and thereby attract urgently needed new funders (investors and donors) in this vital space, mobilise much larger resources and eventually create a market for financing education that will support the dire need of human capital development across developing and emerging countries in Asia.\n \nWe are just starting to see the impact of our unique approach combining leadership development and investment in education. We are actively looking for partners to help us expand our operating capacity so we can make needed investments in technology, talent and expand distribution networks for both leadership development and financing for education. Only with those investments we will be able to reach thousands more women and meaningfully contribute to create a world where each woman has a fair chance at becoming the leader she deserve to be	1 Year 	rejected	100000	https://docs.google.com/document/d/1-5PF6KAPTgpaRuch5v3PS5jxceescqNklhHkHpSeXBE/edit?usp=sharing	27	\N	/home/atixlabs/files/server/projects/8/milestones.xlsx	/home/atixlabs/files/server/projects/8/pitchProposal.pdf	/home/atixlabs/files/server/projects/8/agreement.docx	12	2020-03-10 10:38:00.052-03	12	\N	\N	\N
25	Test ORACLES	97	2020-02-03	adasdasdsa	ASDASD	dasdadasd	ASDASD	rejected	123123		/files/projects/coverPhotos/3/3e427f56cac83af7dd776f64f0220cd5.jpeg	/files/projects/cardPhotos/3/3e427f56cac83af7dd776f64f0220cd5.jpeg	/files/projects/milestones/4/49521da9994ebb6319bb963392a9fda3.xlsx	<p>asdasdadadasd<strong>asdsadasdassadasd<em>sdasdadasdasdad</em></strong><em>dasdasdasdasdasd</em></p>	\N	12	2020-03-10 10:45:10.832-03	12	\N	\N	\N
4	Yellow Leaf Hammock 	3	2019-08-01	Yellow Leaf Hammocks is a home & outdoor lifestyle brand centered around relaxation, driven by positive impact. They are aiming to break the cycle of extreme poverty through sustainable job creation by supporting artisan weavers and their families were previously trapped in extreme poverty and debt slavery. We work with inspiring companies such as Yellow Hammock to ensure that they obtain the strategic capital they need as well as to track the impact that has been made in local communities. \n\nThe Impact \n360 jobs have been created\n4000 units is the annual consistent amount of hammocks produced per quarter\n300 weavers have been contracted \n16,800,000 Baht has gone to the community\n1500 Children have been put into school\n\nAnd these statistics are only expected to increase.\n	Thailand 	There are still more than a billion people around the world living in extreme poverty on less than $1.25 a day. In Thailand alone, more than a million members of hill tribes exist on the margins of society - denied citizenship, shut out of the formal job market and vulnerable to exploitation and trafficking. \n\nAt Yellow Leaf Hammocks we believe that ethical job creation is an empowering long-term solution to extreme poverty. Instead of organizing a patchwork of charitable donations to provide water, nutrition, clothing, etc., we are working directly with families to build a comprehensive, dignified, long-term strategy toward a brighter future. The causes behind systemic poverty are complicated, but long-term financial stability is within reach. To put it simply: By focusing on livelihoods, we can cut out the middle man, get money directly into the hands of smart + resourceful mothers and empower families to tackle their own problems (without being subject to anyone else's agenda). Across three weaving communities, we are working to create jobs for mothers and build a foundation for positive community transformation. Through flexible, safe prosperity wage weaving work, our artisans are able to lift their families from poverty and debt slavery to the middle class. Creating jobs for women is especially important to community transformation - research shows that women will spend up to 90% of their earnings on the health, nutrition and education of their families. Turning women into breadwinners improves their status in the community, builds self-esteem and enables them to pool resources to improve infrastructure.\n	1 year 	rejected	50000	https://docs.google.com/document/d/11qbxo5H4jk-FOVtQ5BA6Q3I6oD0RxC3tGzXnhquBbP4/edit	7	\N	/home/atixlabs/files/server/projects/4/milestones.xlsx	/home/atixlabs/files/server/projects/4/pitchProposal.pdf	/home/atixlabs/files/server/projects/4/agreement.docx	12	2020-03-10 10:45:21.335-03	12	\N	\N	\N
31	vcxbcvb	97	2020-02-06		bxcvbxcv		bxvbcvbx	deleted	1231234			/files/projects/cardPhotos/0/0a85d865e0abd24fdecfc942b846d43d.jpeg	/files/projects/milestones/4/49521da9994ebb6319bb963392a9fda3.xlsx		\N	12	2020-02-27 16:29:37.666-03	12	\N	\N	\N
46	SADASADS	97	2020-02-27		ASDASD		DASD	deleted	123			/files/projects/cardPhotos/0/0a85d865e0abd24fdecfc942b846d43d.jpeg	/files/projects/milestones/4/49521da9994ebb6319bb963392a9fda3.xlsx		\N	12	2020-02-27 16:40:59.09-03	12	\N	\N	\N
36	Test asdas	97	2020-02-11		asdasd		asdasd	deleted	23213			/files/projects/cardPhotos/0/0a85d865e0abd24fdecfc942b846d43d.jpeg	/files/projects/milestones/4/49521da9994ebb6319bb963392a9fda3.xlsx		\N	12	2020-02-27 16:50:15.271-03	12	\N	\N	\N
41	asgsagdf	97	2020-02-14		asdasd		dasdas	deleted	12312			/files/projects/cardPhotos/0/0a85d865e0abd24fdecfc942b846d43d.jpeg	/files/projects/milestones/4/49521da9994ebb6319bb963392a9fda3.xlsx		\N	12	2020-02-28 10:21:29.805-03	12	\N	\N	\N
26	ffds	97	2020-02-04		dsfsdaf		asdasdf	deleted	123123			/files/projects/cardPhotos/0/0a85d865e0abd24fdecfc942b846d43d.jpeg	/files/projects/milestones/4/49521da9994ebb6319bb963392a9fda3.xlsx		\N	12	2020-02-28 10:21:36.011-03	12	\N	\N	\N
37	asdsad	97	2020-02-14		asdasdasd		asdasdsa	deleted	12211			/files/projects/cardPhotos/0/0a85d865e0abd24fdecfc942b846d43d.jpeg	/files/projects/milestones/4/49521da9994ebb6319bb963392a9fda3.xlsx		\N	12	2020-02-27 16:34:46.277-03	12	\N	\N	\N
1	Fundacion caninos	97	2020-01-03	Cuidar perritos	Chinaadddd	TESTdsa	100	funding	2000		/files/projects/coverPhotos/b/b886692ac2e3c3f0d0a8a18307719eef.jpeg	/files/projects/cardPhotos/f/f46000e8694d8cf3d32289aef734ad5b.jpeg	/files/projects/milestones/4/49521da9994ebb6319bb963392a9fda3.xlsx	THis is the project propsoal	{"name":"Fundacion caninos","mission":"Cuidar perritos","problem":"TESTdsa","owner":{"firstName":"Leo","lastName":"Entrepreneur","email":"lgobbi+1@atixlabs.com","address":"0xddd41D6f1F5a6312C82690EA9e4340f81c7E8254"},"milestones":[{"description":"Secure raw materials for Robb Vices hammock production","goal":10000,"tasks":[{"id":"0x4f8bb90bab97563644b9ea4449d74585e03b41f642c0183f0759bef05c7b4426","oracle":95,"description":"Pay 50% deposit to yarn company for cotton yarn","reviewCriteria":"review criteria","category":"Raw materials expenditure","keyPersonnel":"Joe and Allen"},{"id":"0xc90b0fa23d822bcae2b80ee1b5d3eefc7fd9e080d5885c75a23be93d9dddd7e2","oracle":86,"description":"Pay remaining amount to yarn company cotton yarn","reviewCriteria":"review criteria","category":"Raw materials expenditure","keyPersonnel":"Joe and Allen"}]},{"description":"Secure full time work for weavers","goal":10000,"tasks":[{"id":"0x0c9d481e1136572022dac0863142b0566ed2691c403eb973b1d8cd5487e019d3","oracle":95,"description":"Negotiate and finalize purchase orders","reviewCriteria":"review criteria","category":"Raw materials expenditure","keyPersonnel":"Joe and Allen"},{"id":"0x4052113ecfc82e559f6bcc4fc571e913ee1ce6582c0d0bb529d4f141b6c8b8e8","oracle":86,"description":"Pay remaining amount to yarn company cotton yarn","reviewCriteria":"review criteria","category":"Raw materials expenditure","keyPersonnel":"Joe and Allen"}]},{"description":"Finalize Virgin Yarn Order","goal":10000,"tasks":[{"id":"0x8143cfb37a37695c48db6ca38fda8d13783d0038a67e55d9ff17e2c85ae058e2","oracle":86,"description":"Pay deposit to get yarn into production","reviewCriteria":"review criteria","category":"Raw materials expenditure","keyPersonnel":"Joe and Allen"},{"id":"0xf1d6d9e68493a967bdebbfd1177dc78355fd4131cebcaeb94202ddb87016c55d","oracle":95,"description":"Pay remaining balance to receive yarn","reviewCriteria":"review criteria","category":"Raw materials expenditure","keyPersonnel":"Joe and Allen"}]},{"description":"Secure full time work for weavers","goal":10000,"tasks":[{"id":"0xc5ba597040e736f18a167d0752dbba503fb9726fa3646226a43b797c3ce59889","oracle":86,"description":"Adhere to weekly payment schedule to weavers","reviewCriteria":"review criteria","category":"Raw materials expenditure","keyPersonnel":"Joe and Allen"},{"id":"0xa04867ce48213d87fc99b16d782a6a3e9639de4245736e3ac9398d603542de7c","oracle":95,"description":"Adhere to weekly payment schedule to weavers","reviewCriteria":"review criteria","category":"Raw materials expenditure","keyPersonnel":"Joe and Allen"}]},{"description":"Maintain production through summer and into Q3","goal":64000,"tasks":[{"id":"0x564b9f85133114fdcb2efab8d4d73b916e82693832e70ed7eb34d9ccdff492e1","oracle":86,"description":"Adhere to weekly payment schedule to weavers","reviewCriteria":"review criteria","category":"Production, payments to weavers","keyPersonnel":"Joe and Allen"},{"id":"0xdfceabbfdc1b254ab10e7be416b385d54c7cc6c6942c52d67f4dbc03a607a05d","oracle":95,"description":"Adhere to weekly payment schedule to weavers","reviewCriteria":"review criteria","category":"Production, payments to weavers","keyPersonnel":"Joe and Allen"}]}],"funders":[{"firstName":"leo","lastName":"supporter","email":"lgobbi+supp1@atixlabs.com","address":"0x8c40369542563acdbC5974F27971791475Af58d2"},{"firstName":"Leo","lastName":"Entrepreneur","email":"lgobbi+1@atixlabs.com","address":"0xddd41D6f1F5a6312C82690EA9e4340f81c7E8254"}]}	12	2020-03-18 16:22:00.252-03	12	0xa3e6552e35D3063B4191E266757c57cf292C6451	\N	\N
28	dasdasd	97	2020-02-05		asdasda		dasdas	deleted	123123			/files/projects/cardPhotos/6/6c27af9529000f206699d5c315f09b67.jpeg	/files/projects/milestones/4/49521da9994ebb6319bb963392a9fda3.xlsx		\N	12	2020-02-27 16:34:09.414-03	12	\N	\N	\N
71	200305-12:11	101	2020-03-05	Mission	Arg	Problem	1235 days	funding	20		/files/projects/coverPhotos/6/6c27af9529000f206699d5c315f09b67.jpeg	/files/projects/cardPhotos/0/0a85d865e0abd24fdecfc942b846d43d.jpeg	/files/projects/milestones/4/49521da9994ebb6319bb963392a9fda3.xlsx	<p>Hello, </p>	{"name":"200305-12:11","mission":"Mission","problem":"Problem","owner":{"firstName":"SOCIAL","lastName":"ENTREPRENEUR","email":"lgobbi+sentre@atixlabs.com","address":"0xB0C01DFdB5fC107DE6a48704a3Fa133d16E7F78B"},"milestones":[{"description":"This is the first milestone","goal":16,"tasks":[{"id":"0xc19c3cbd0f7adaa241f1098d4459cc35103836927ecb48d2fa7432911f3945f8","oracle":115,"description":"This is the first task of the first milestone","reviewCriteria":"RevCri","category":"Cate","keyPersonnel":"KeyPe"},{"id":"0x5cb4e6bedb5712869070161ba4ddf60056d4eaf4d59b675eb6e966dc71312b5c","oracle":115,"description":"Second","reviewCriteria":"CritRe","category":"Go","keyPersonnel":"PerKe"}]},{"description":"Another milestone","goal":4,"tasks":[{"id":"0xd4137c3dc30fb7926f865b943fc9fa5524218ff2bf5ddc72a5be967e37869353","oracle":115,"description":"Only Task","reviewCriteria":"TerEw","category":"Ry","keyPersonnel":"KeyNnel"}]}],"funders":[{"firstName":"FULL","lastName":"SUPPORTER","email":"lgobbi+fullsu@atixlabs.com","address":"0x8396741589Ae4C00Aec47982d222D248886a10ea"}]}	12	2020-03-10 10:41:00.292-03	12	0x0dF4676183ED3ddbC417E81d5d0b361D0Ab93dED	\N	\N
30	asdasd	97	2020-02-06		cxzc		xzcczx	deleted	123123			/files/projects/cardPhotos/0/0a85d865e0abd24fdecfc942b846d43d.jpeg	/files/projects/milestones/4/49521da9994ebb6319bb963392a9fda3.xlsx		\N	12	2020-02-27 16:32:27.229-03	12	\N	\N	\N
72	Test New Files Upload	97	2020-03-06	ssss	Aca	asd	12 days	rejected	5000	\N	/files/projects/coverPhotos/6/6c27af9529000f206699d5c315f09b67.jpeg	/files/projects/cardPhotos/f/f00d00a38b48de50cbe69b4c854def12.png	\N	<p><strong>fasdfsdfadsfads asdasdsadasdwaxxzc</strong></p>	\N	12	2020-03-18 16:30:00.092-03	12	\N	/files/projects/projects/proposal/3/3e0f0cd033d2c94a020dc9ee65224222.pdf	/files/projects/projects/agreement/3/3e0f0cd033d2c94a020dc9ee65224222.pdf
34	THIS IS A NEW PROJECT	97	2020-02-06		QQQQQQQ		NOW	deleted	12			/files/projects/cardPhotos/0/0a85d865e0abd24fdecfc942b846d43d.jpeg	/files/projects/milestones/4/49521da9994ebb6319bb963392a9fda3.xlsx		\N	12	2020-02-27 16:40:14.608-03	12	\N	\N	\N
57	asdasd	97	2020-02-27		asdasda		sdasdasd	deleted	112312			/files/projects/cardPhotos/0/0a85d865e0abd24fdecfc942b846d43d.jpeg	/files/projects/milestones/4/49521da9994ebb6319bb963392a9fda3.xlsx		\N	12	2020-02-28 10:21:10.576-03	12	\N	\N	\N
49	asdfadsf	97	2020-02-27		asdfasd		fadsfasd	deleted	123123			/files/projects/cardPhotos/0/0a85d865e0abd24fdecfc942b846d43d.jpeg	/files/projects/milestones/4/49521da9994ebb6319bb963392a9fda3.xlsx		\N	12	2020-02-28 10:21:14.017-03	12	\N	\N	\N
29	dasdasd	97	2020-02-06		dasdasda		sdasd	deleted	123123			/files/projects/cardPhotos/0/0a85d865e0abd24fdecfc942b846d43d.jpeg	/files/projects/milestones/4/49521da9994ebb6319bb963392a9fda3.xlsx		\N	12	2020-02-27 16:51:36.397-03	12	\N	\N	\N
22	sdfgfdsgdsf	97	2020-02-03		dsfads		12312312	deleted	123123			/files/projects/cardPhotos/3/3e427f56cac83af7dd776f64f0220cd5.jpeg			\N	12	2020-02-11 14:54:50.25-03	12	\N	\N	\N
23	dasdasd	97	2020-02-03		vcvxzcv		cv1321	deleted	12312			/files/projects/cardPhotos/0/0a85d865e0abd24fdecfc942b846d43d.jpeg	/files/projects/milestones/4/49521da9994ebb6319bb963392a9fda3.xlsx		\N	12	2020-02-27 17:01:39.99-03	12	\N	\N	\N
27	asdasd	97	2020-02-04	zxccz	dasdasdas	xczc	dasdasd	deleted	12321313		/files/projects/coverPhotos/6/6c27af9529000f206699d5c315f09b67.jpeg	/files/projects/cardPhotos/0/0a85d865e0abd24fdecfc942b846d43d.jpeg	/files/projects/milestones/4/49521da9994ebb6319bb963392a9fda3.xlsx	<p>zcxczxczxczx</p>	\N	12	2020-02-27 16:54:41.225-03	12	\N	\N	\N
24	asdsadas	97	2020-02-03	asdasdzxczx	dasdasd	dasdasdzxczxczx	asdasdas	deleted	123123		/files/projects/coverPhotos/6/6c27af9529000f206699d5c315f09b67.jpeg	/files/projects/cardPhotos/0/0a85d865e0abd24fdecfc942b846d43d.jpeg	/files/projects/milestones/4/49521da9994ebb6319bb963392a9fda3.xlsx	<p>asdsdasd</p>	\N	12	2020-02-11 15:51:05.102-03	12	\N	\N	\N
21	Testing asdassdwsa	97	2020-02-03	missss	zxa	probbb	12 3	deleted	543		/files/projects/coverPhotos/6/6c27af9529000f206699d5c315f09b67.jpeg	/files/projects/cardPhotos/0/0a85d865e0abd24fdecfc942b846d43d.jpeg	/files/projects/milestones/4/49521da9994ebb6319bb963392a9fda3.xlsx	<p>asdfghjkl<strong>gjhgjhgjhg</strong></p>	\N	12	2020-02-11 16:07:36.781-03	12	\N	\N	\N
19	Project New	97	2020-01-30	Mission	Aqqqqq	Problem	1234 seconds	deleted	12368		/files/projects/coverPhotos/6/6c27af9529000f206699d5c315f09b67.jpeg	/files/projects/cardPhotos/3/3e427f56cac83af7dd776f64f0220cd5.jpeg	/files/projects/milestones/4/49521da9994ebb6319bb963392a9fda3.xlsx	<p>asdasdasdasdasdasd</p>	\N	12	2020-02-11 16:08:35.564-03	12	\N	\N	\N
35	asdsadsad	97	2020-02-07	asdsadas	asdasdas	dasdasd	dasdasdas	deleted	123123		/files/projects/coverPhotos/6/6c27af9529000f206699d5c315f09b67.jpeg	/files/projects/cardPhotos/0/0a85d865e0abd24fdecfc942b846d43d.jpeg	/files/projects/milestones/4/49521da9994ebb6319bb963392a9fda3.xlsx	<p>asdsadasdasd</p>	\N	12	2020-02-27 16:40:49.688-03	12	\N	\N	\N
32	adsf	97	2020-02-06		xczv		123	deleted	123123			/files/projects/cardPhotos/0/0a85d865e0abd24fdecfc942b846d43d.jpeg	/files/projects/milestones/4/49521da9994ebb6319bb963392a9fda3.xlsx		\N	12	2020-02-27 16:30:28.106-03	12	\N	\N	\N
39	asdas	97	2020-02-14		zxcxz		123 asd	deleted	1235			/files/projects/cardPhotos/6/6c27af9529000f206699d5c315f09b67.jpeg	/files/projects/milestones/4/49521da9994ebb6319bb963392a9fda3.xlsx		\N	12	2020-02-27 16:41:07.988-03	12	\N	\N	\N
33	Testing a projectS	97	2020-02-06	Mission Mission Mission Mission Mission Mission Mission Mission Mission Mission Mission Mission Mission Mission Mission Mission Mission Mission Mission Mission Mission Mission Mission Mission Mission Mission Mission Mission Mission Mission Mission Mission Mission Mission Mission Mission Mission Mission Mission Mission Mission 	DAS	Problem Problem Problem Problem Problem Problem Problem Problem Problem Problem Problem Problem Problem Problem Problem Problem Problem Problem Problem Problem Problem Problem Problem Problem Problem Problem Problem Problem Problem Problem Problem Problem Problem Problem Problem Problem Problem Problem Problem Problem Problem Problem Problem Problem Problem Problem Problem Problem Problem Problem Problem Problem Problem 	12 days	deleted	800		/files/projects/coverPhotos/0/0a85d865e0abd24fdecfc942b846d43d.jpeg	/files/projects/cardPhotos/3/3e427f56cac83af7dd776f64f0220cd5.jpeg	/files/projects/milestones/4/49521da9994ebb6319bb963392a9fda3.xlsx	<p>Project proposal<span class="ql-size-huge"> asdasdasd</span></p>	\N	12	2020-02-27 16:54:01.613-03	12	\N	\N	\N
18	Que los integrantes de Atix laven las tazas	97	2020-01-29	Hola	Argentina	Hola	1 mes	deleted	100		/files/projects/coverPhotos/a/a5e92fdb652d3279fc25e905d6a57cdf.jpeg	/files/projects/cardPhotos/4/42873a5f2207d2e39e92350001dc1e68.jpeg	/files/projects/milestones/4/49521da9994ebb6319bb963392a9fda3.xlsx	<p>asaddsada</p>	\N	12	2020-02-27 17:04:35.562-03	12	\N	\N	\N
47	Nasss	97	2020-02-27		zxczxc		zxc	deleted	123			/files/projects/cardPhotos/0/0a85d865e0abd24fdecfc942b846d43d.jpeg	/files/projects/milestones/4/49521da9994ebb6319bb963392a9fda3.xlsx		\N	12	2020-02-28 10:21:25.535-03	12	\N	\N	\N
54	asdfadsfas	97	2020-02-27		asdfadsfad		123	deleted	123			/files/projects/cardPhotos/0/0a85d865e0abd24fdecfc942b846d43d.jpeg	/files/projects/milestones/4/49521da9994ebb6319bb963392a9fda3.xlsx		\N	12	2020-02-27 17:23:31.086-03	12	\N	\N	\N
55	adsfasd	97	2020-02-27		fsadfasd		fasdfa	deleted	123123			/files/projects/cardPhotos/0/0a85d865e0abd24fdecfc942b846d43d.jpeg	/files/projects/milestones/4/49521da9994ebb6319bb963392a9fda3.xlsx		\N	12	2020-02-27 17:23:27.503-03	12	\N	\N	\N
53	dasfasf	97	2020-02-27		dsafasd		fdasf	deleted	12312			/files/projects/cardPhotos/0/0a85d865e0abd24fdecfc942b846d43d.jpeg	/files/projects/milestones/4/49521da9994ebb6319bb963392a9fda3.xlsx		\N	12	2020-02-27 17:23:34.947-03	12	\N	\N	\N
52	fadsfasd	97	2020-02-27		fadsfads		fadsfasd	deleted	1232131			/files/projects/cardPhotos/0/0a85d865e0abd24fdecfc942b846d43d.jpeg	/files/projects/milestones/4/49521da9994ebb6319bb963392a9fda3.xlsx		\N	12	2020-02-27 17:23:37.966-03	12	\N	\N	\N
51	asdasd	97	2020-02-27		asdasd		asdads	deleted	123213			/files/projects/cardPhotos/0/0a85d865e0abd24fdecfc942b846d43d.jpeg	/files/projects/milestones/4/49521da9994ebb6319bb963392a9fda3.xlsx		\N	12	2020-02-27 17:23:41.017-03	12	\N	\N	\N
50	asdsad	97	2020-02-27		asdas		fasdfas	deleted	123			/files/projects/cardPhotos/0/0a85d865e0abd24fdecfc942b846d43d.jpeg	/files/projects/milestones/4/49521da9994ebb6319bb963392a9fda3.xlsx		\N	12	2020-02-27 17:23:45.853-03	12	\N	\N	\N
56	asdasd	97	2020-02-27		asdsad		asddasdas	deleted	1231231			/files/projects/cardPhotos/0/0a85d865e0abd24fdecfc942b846d43d.jpeg	/files/projects/milestones/4/49521da9994ebb6319bb963392a9fda3.xlsx		\N	12	2020-02-28 10:21:17.176-03	12	\N	\N	\N
48	adsdsadas	97	2020-02-27		dadsdassad		1233132	deleted	3.13132134e+09			/files/projects/cardPhotos/0/0a85d865e0abd24fdecfc942b846d43d.jpeg	/files/projects/milestones/4/49521da9994ebb6319bb963392a9fda3.xlsx		\N	12	2020-02-28 10:21:22.344-03	12	\N	\N	\N
70	asdasd	97	2020-03-02		asdasd		asdasdas	deleted	123123			/files/projects/cardPhotos/9/9586e84fa318f8abcce0c7489d3d054e.jpeg	/files/projects/milestones/4/49521da9994ebb6319bb963392a9fda3.xlsx		\N	12	2020-03-02 14:55:47.631-03	12	\N	\N	\N
38	cxvc	97	2020-02-14		xcvcx		xcvxv	deleted	12			/files/projects/cardPhotos/0/0a85d865e0abd24fdecfc942b846d43d.jpeg	/files/projects/milestones/4/49521da9994ebb6319bb963392a9fda3.xlsx		\N	12	2020-02-27 16:41:12.403-03	12	\N	\N	\N
44	tttttttttttttttttt	97	2020-02-27	vxcvzcxv	asd	zcxvxvzx	123	deleted	123		/files/projects/coverPhotos/0/0a85d865e0abd24fdecfc942b846d43d.jpeg	/files/projects/cardPhotos/6/6c27af9529000f206699d5c315f09b67.jpeg	/files/projects/milestones/4/49521da9994ebb6319bb963392a9fda3.xlsx	<p>asdfadsfdsfsdfadsfasdf</p>	\N	12	2020-02-27 11:41:37.834-03	12	\N	\N	\N
45	Test Skip	97	2020-02-27		aaaa		123	deleted	123			/files/projects/cardPhotos/0/0a85d865e0abd24fdecfc942b846d43d.jpeg	/files/projects/milestones/4/49521da9994ebb6319bb963392a9fda3.xlsx		\N	12	2020-02-27 16:14:00.227-03	12	\N	\N	\N
40	dasdasxxx	97	2020-02-14		asdasdas		asdasd	deleted	123124			/files/projects/cardPhotos/6/6c27af9529000f206699d5c315f09b67.jpeg	/files/projects/milestones/4/49521da9994ebb6319bb963392a9fda3.xlsx		\N	12	2020-02-27 16:41:03.571-03	12	\N	\N	\N
3	asd	97	2020-01-27	adsdas	asd	dasdasdas	asd	deleted	1		/files/projects/coverPhotos/6/6c27af9529000f206699d5c315f09b67.jpeg	/files/projects/cardPhotos/1/19e8935bd96541082e7789dd23a2ae7c.jpeg	/files/projects/milestones/4/49521da9994ebb6319bb963392a9fda3.xlsx	<p>asdfasdfasdfsd</p>	\N	12	2020-02-27 17:04:59.937-03	12	\N	\N	\N
15	Dengue Prognostic Test	18	2019-09-16	StratifiCare was founded in 2015 with the vision of empowering personalized medicine for tomorrow through our innovative diagnostic solutions.	Dengue-endemic Countries	 Due to the lack of advanced medical technology, physicians find it hard to provide individualized treatment for patients. This may result in less optimal clinical outcomes and usage of healthcare resources. By developing technologically advanced in vitro diagnostic solutions, we transform the way patients are managed through personalized care and create value for all. Our early clinical study have shown that we are able to effectively reduce Dengue hospitalization by as much as 67%. This translates to an annual global cost savings of US$4.5 billion, most of which directly benefit Dengue-endemic developing countries. We are trying to solve the problem of over-hospitalization of Dengue patients. Up to 60% of all Dengue patients are hospitalized and this causes severe bed shortages during large Dengue outbreaks, especially in developing countries. Non-emergency procedures and elective surgeries are postponed/cancelled. The situation is further exacerbated when majority of hospitalized Dengue patients do not require any medical procedure and can recover on their own, while other Dengue patients rejected from hospitalization due to bed shortages may develop Severe Dengue and succumb to the disease outside hospital care. We are developing the world's first Dengue prognostic test that can accurately predict which Dengue patient will develop Severe Dengue and requires hospitalization, and which patient will not and can be outpatient.	0.5 year	rejected	100000	https://docs.google.com/document/d/1KaB6balTuOZgUzUln6F2yxO_1zVZOUp5_eAanMkoSSM/edit	43	\N	/home/atix/Descargas/Comparaciones.xlsx	/home/atixlabs/files/server/projects/15/pitchProposal.docx	/home/atixlabs/files/server/projects/15/agreement.pdf	12	2020-02-14 12:34:00.034-03	12	\N	\N	\N
17	Llevemos al muerto de Mas lejos de Boca	97	2020-01-28	Rajar a Mas, pq nos caga todos los partidos	Argentina	Mas	Nose	rejected	10		/files/projects/coverPhotos/d/d1de3a389296a3fe96b2243cecd083e5.jpeg	/files/projects/cardPhotos/c/cafb8d247ca5e9bddf82d797f2c67373.jpeg	/files/projects/milestones/4/49521da9994ebb6319bb963392a9fda3.xlsx	<p>Otra vez no</p>	\N	12	2020-03-10 10:35:00.173-03	12	\N	\N	\N
2	asd	97	2020-01-20		asd		asd	rejected	12			/files/projects/cardPhotos/1/14d6d190be9233e9d6958bce159e21db.jpeg	/files/projects/milestones/4/49521da9994ebb6319bb963392a9fda3.xlsx		\N	12	2020-02-11 11:20:06.086-03	12	\N	\N	\N
43	zzzzzzzzzz	97	2020-02-27	asd	asd	ccxz	czx	toreview	123		/files/projects/coverPhotos/0/0a85d865e0abd24fdecfc942b846d43d.jpeg	/files/projects/cardPhotos/6/6c27af9529000f206699d5c315f09b67.jpeg	/files/projects/milestones/4/49521da9994ebb6319bb963392a9fda3.xlsx	<p>asdasdasdasdsadasd</p>	\N	12	2020-02-27 10:32:09.321-03	12	\N	\N	\N
42	Testing stuff	97	2020-02-27	Hola	Italia	Hello	12 days	toreview	12367222		/files/projects/coverPhotos/6/6c27af9529000f206699d5c315f09b67.jpeg	/files/projects/cardPhotos/0/0a85d865e0abd24fdecfc942b846d43d.jpeg	/files/projects/milestones/4/49521da9994ebb6319bb963392a9fda3.xlsx	<p>Hello, proposal</p>	\N	12	2020-02-27 10:09:40.744-03	12	\N	\N	\N
64	dsfdsaf	97	2020-02-28		adsfasdf		123	new	3123			/files/projects/cardPhotos/0/0a85d865e0abd24fdecfc942b846d43d.jpeg	/files/projects/milestones/4/49521da9994ebb6319bb963392a9fda3.xlsx		\N	12	2020-02-28 11:03:26.483-03	12	\N	\N	\N
66	asdfghjk	97	2020-02-28		asdfghj		asdfgh	new	12334			/files/projects/cardPhotos/0/0a85d865e0abd24fdecfc942b846d43d.jpeg	/files/projects/milestones/4/49521da9994ebb6319bb963392a9fda3.xlsx		\N	12	2020-02-28 11:08:13.329-03	12	\N	\N	\N
67	asdasd	97	2020-02-28	fdgsdf	asdasd	gsdfgdsgsdfg	asd	new	123		/files/projects/coverPhotos/6/6c27af9529000f206699d5c315f09b67.jpeg	/files/projects/cardPhotos/0/0a85d865e0abd24fdecfc942b846d43d.jpeg			\N	12	2020-02-28 13:00:32.077-03	12	\N	\N	\N
68	asdfads	97	2020-02-28		fadsfasd		fdasfas	new	12312			/files/projects/cardPhotos/0/0a85d865e0abd24fdecfc942b846d43d.jpeg	/files/projects/milestones/4/49521da9994ebb6319bb963392a9fda3.xlsx		\N	12	2020-02-28 14:52:10.288-03	12	\N	\N	\N
73	Test more	97	2020-03-06	aasd	aaa	aasd	123 days	new	12356	\N	/files/projects/coverPhotos/6/6c27af9529000f206699d5c315f09b67.jpeg	/files/projects/cardPhotos/0/0a85d865e0abd24fdecfc942b846d43d.jpeg	\N	\N	\N	12	2020-03-06 14:58:44.925-03	12	\N	\N	\N
62	fasdfasd	97	2020-02-28		fasdfsadfa		sdfasdf	new	12312			/files/projects/cardPhotos/0/0a85d865e0abd24fdecfc942b846d43d.jpeg	/files/projects/milestones/4/49521da9994ebb6319bb963392a9fda3.xlsx		\N	12	2020-02-28 10:58:15.335-03	12	\N	\N	\N
69	dsfdas	97	2020-03-02	asdasd	fadsfa	asdsadas	123	new	123		/files/projects/coverPhotos/6/6c27af9529000f206699d5c315f09b67.jpeg	/files/projects/cardPhotos/0/0a85d865e0abd24fdecfc942b846d43d.jpeg			\N	12	2020-03-02 14:46:25.68-03	12	\N	/files/projects/agreement/0/0d353c5ce77e888a2627bc5d24cee159.pdf	\N
65	fsad	97	2020-02-28		fasdfa		fasdf	new	123			/files/projects/cardPhotos/0/0a85d865e0abd24fdecfc942b846d43d.jpeg	/files/projects/milestones/4/49521da9994ebb6319bb963392a9fda3.xlsx		\N	12	2020-02-28 11:03:58.979-03	12	\N	\N	\N
58	asdas	97	2020-02-28		asda		sadasd	new	123123			/files/projects/cardPhotos/0/0a85d865e0abd24fdecfc942b846d43d.jpeg			\N	12	2020-02-28 10:22:02.169-03	12	\N	\N	\N
59	ASDADASD	97	2020-02-28		ASDADAD		ASDASDASD	new	12312312			/files/projects/cardPhotos/0/0a85d865e0abd24fdecfc942b846d43d.jpeg	/files/projects/milestones/4/49521da9994ebb6319bb963392a9fda3.xlsx		\N	12	2020-02-28 10:54:05.673-03	12	\N	\N	\N
60	sadfasdf	97	2020-02-28		asdfasdf		asdf	new	123			/files/projects/cardPhotos/6/6c27af9529000f206699d5c315f09b67.jpeg			\N	12	2020-02-28 10:56:20.316-03	12	\N	\N	\N
61	asdfsadf	97	2020-02-28		asdfasdf		123123	new	3123123			/files/projects/cardPhotos/0/0a85d865e0abd24fdecfc942b846d43d.jpeg	/files/projects/milestones/4/49521da9994ebb6319bb963392a9fda3.xlsx		\N	12	2020-02-28 10:57:35.805-03	12	\N	\N	\N
63	fasdfads	97	2020-02-28		fdsafads		12321	new	3123123			/files/projects/cardPhotos/0/0a85d865e0abd24fdecfc942b846d43d.jpeg			\N	12	2020-02-28 11:01:18.565-03	12	\N	\N	\N
\.


--
-- TOC entry 3180 (class 0 OID 39298)
-- Dependencies: 200
-- Data for Name: featured_project; Type: TABLE DATA; Schema: public; Owner: -
--

COPY public.featured_project (id, "projectId") FROM stdin;
1	8
2	15
3	17
4	4
\.


--
-- TOC entry 3182 (class 0 OID 39303)
-- Dependencies: 202
-- Data for Name: file; Type: TABLE DATA; Schema: public; Owner: -
--

COPY public.file (id, path, createdat) FROM stdin;
\.


--
-- TOC entry 3209 (class 0 OID 39587)
-- Dependencies: 229
-- Data for Name: fund_transfer; Type: TABLE DATA; Schema: public; Owner: -
--

COPY public.fund_transfer (id, "transferId", "destinationAccount", "receiptPath", amount, currency, "senderId", "projectId", status, "createdAt", "rejectionReason") FROM stdin;
12	6744	123	/files/projects/transfers/9/9e01f91f717ee464660d229a721776f5.jpeg	123	sdas	96	1	pending	2020-03-02	\N
13	1235435	23	/files/projects/transfers/5/517f1fb82a45df694670ca69c30baa4f.jpeg	312312	d	96	1	pending	2020-03-02	\N
14	100999888	999888777	/files/projects/transfers/f/f00d00a38b48de50cbe69b4c854def12.jpeg	20	USD	115	71	verified	2020-03-05	\N
2	123	12345678	/files/projects/transfers/6/6c27af9529000f206699d5c315f09b67.jpeg	1235	EUR	96	1	verified	2020-02-10	\N
6	1AA22SsasdD434	1235AASDD	/files/projects/transfers/c/c960abde2b5cd539c7da24c8a4c91d6f.jpeg	1000	USD	97	1	verified	2020-02-10	lkjb
1	1AA22SsasdD444	1235AASDD	/files/projects/transfers/c/c960abde2b5cd539c7da24c8a4c91d6f.jpeg	9000	USD	96	1	cancelled	2020-02-10	lkjb
7	1AA22SsasdD434	1235AASDD	/files/projects/transfers/c/c960abde2b5cd539c7da24c8a4c91d6f.jpeg	1000	USD	98	1	cancelled	2020-02-10	lkjb
8	1AA22SsasdD434	1235AASDD	/files/projects/transfers/c/c960abde2b5cd539c7da24c8a4c91d6f.jpeg	1000	USD	98	1	cancelled	2020-02-10	lkjb
9	1AA22SsasdD434	1235AASDD	/files/projects/transfers/c/c960abde2b5cd539c7da24c8a4c91d6f.jpeg	1000	USD	99	1	pending	2020-02-10	lkjb
10	1235	542	/files/projects/transfers/6/6c27af9529000f206699d5c315f09b67.jpeg	123	123	96	1	pending	2020-02-17	\N
11	123123	12312	/files/projects/transfers/5/517f1fb82a45df694670ca69c30baa4f.jpeg	2314546	321312	96	1	pending	2020-03-02	\N
\.


--
-- TOC entry 3184 (class 0 OID 39311)
-- Dependencies: 204
-- Data for Name: milestone; Type: TABLE DATA; Schema: public; Owner: -
--

COPY public.milestone (id, "projectId", "createdAt", description, category, "claimStatus", "claimReceiptPath") FROM stdin;
22	17	2020-01-28	Secure raw materials for Robb Vices hammock production	Raw materials expenditure	pending	\N
23	17	2020-01-28	Secure full time work for weavers	Raw materials expenditure	pending	\N
25	17	2020-01-28	Secure full time work for weavers	Raw materials expenditure	pending	\N
26	17	2020-01-28	Maintain production through summer and into Q3	Production, payments to weavers	pending	\N
24	17	2020-01-28	Finalize Virgin Yarn Order	Raw materials expenditure	claimable	\N
30	1	2020-01-30	Secure full time work for weavers	Raw materials expenditure	pending	\N
32	20	2020-02-03	Secure raw materials for Robb Vices hammock production	Raw materials expenditure	pending	\N
33	20	2020-02-03	Secure full time work for weavers	Raw materials expenditure	pending	\N
34	20	2020-02-03	Finalize Virgin Yarn Order	Raw materials expenditure	pending	\N
35	20	2020-02-03	Secure full time work for weavers	Raw materials expenditure	pending	\N
36	20	2020-02-03	Maintain production through summer and into Q3	Production, payments to weavers	pending	\N
37	21	2020-02-03	Secure raw materials for Robb Vices hammock production	Raw materials expenditure	pending	\N
31	1	2020-01-30	Maintain production through summer and into Q3	Production, payments to weavers	claimable	\N
28	1	2020-01-30	Secure full time work for weavers	Raw materials expenditure	transferred	/files/projects/milestones/claim/6/6c27af9529000f206699d5c315f09b67.jpeg
29	1	2020-01-30	Finalize Virgin Yarn Order	Raw materials expenditure	claimable	\N
38	21	2020-02-03	Secure full time work for weavers	Raw materials expenditure	pending	\N
39	21	2020-02-03	Finalize Virgin Yarn Order	Raw materials expenditure	pending	\N
40	21	2020-02-03	Secure full time work for weavers	Raw materials expenditure	pending	\N
41	21	2020-02-03	Maintain production through summer and into Q3	Production, payments to weavers	pending	\N
42	24	2020-02-03	Secure raw materials for Robb Vices hammock production	Raw materials expenditure	pending	\N
43	24	2020-02-03	Secure full time work for weavers	Raw materials expenditure	pending	\N
44	24	2020-02-03	Finalize Virgin Yarn Order	Raw materials expenditure	pending	\N
45	24	2020-02-03	Secure full time work for weavers	Raw materials expenditure	pending	\N
46	24	2020-02-03	Maintain production through summer and into Q3	Production, payments to weavers	pending	\N
47	19	2020-02-03	Secure raw materials for Robb Vices hammock production	Raw materials expenditure	pending	\N
48	19	2020-02-03	Secure full time work for weavers	Raw materials expenditure	pending	\N
49	19	2020-02-03	Finalize Virgin Yarn Order	Raw materials expenditure	pending	\N
50	19	2020-02-03	Secure full time work for weavers	Raw materials expenditure	pending	\N
51	19	2020-02-03	Maintain production through summer and into Q3	Production, payments to weavers	pending	\N
52	3	2020-02-03	Secure raw materials for Robb Vices hammock production	Raw materials expenditure	pending	\N
53	3	2020-02-03	Secure full time work for weavers	Raw materials expenditure	pending	\N
54	3	2020-02-03	Finalize Virgin Yarn Order	Raw materials expenditure	pending	\N
55	3	2020-02-03	Secure full time work for weavers	Raw materials expenditure	pending	\N
56	3	2020-02-03	Maintain production through summer and into Q3	Production, payments to weavers	pending	\N
57	25	2020-02-03	Secure raw materials for Robb Vices hammock production	Raw materials expenditure	pending	\N
60	25	2020-02-03	Secure full time work for weavers	Raw materials expenditure	pending	\N
61	25	2020-02-03	Maintain production through summer and into Q3	Production, payments to weavers	pending	\N
59	25	2020-02-03	Finalize Virgin Yarn Order	Raw materials expenditure	pending	\N
58	25	2020-02-03	Secure full time work for weavers	Raw materials expenditure	pending	\N
62	26	2020-02-04	Secure raw materials for Robb Vices hammock production	Raw materials expenditure	pending	\N
64	26	2020-02-04	Finalize Virgin Yarn Order	Raw materials expenditure	pending	\N
66	26	2020-02-04	Maintain production through summer and into Q3	Production, payments to weavers	pending	\N
63	26	2020-02-04	Secure full time work for weavers	Raw materials expenditure	pending	\N
65	26	2020-02-04	Secure full time work for weavers	Raw materials expenditure	pending	\N
67	2	2020-02-06	Secure raw materials for Robb Vices hammock production	Raw materials expenditure	pending	\N
68	2	2020-02-06	Secure full time work for weavers	Raw materials expenditure	pending	\N
69	2	2020-02-06	Finalize Virgin Yarn Order	Raw materials expenditure	pending	\N
70	2	2020-02-06	Secure full time work for weavers	Raw materials expenditure	pending	\N
71	2	2020-02-06	Maintain production through summer and into Q3	Production, payments to weavers	pending	\N
72	35	2020-02-07	Secure raw materials for Robb Vices hammock production	Raw materials expenditure	pending	\N
73	35	2020-02-07	Secure full time work for weavers	Raw materials expenditure	pending	\N
74	35	2020-02-07	Finalize Virgin Yarn Order	Raw materials expenditure	pending	\N
75	35	2020-02-07	Secure full time work for weavers	Raw materials expenditure	pending	\N
76	35	2020-02-07	Maintain production through summer and into Q3	Production, payments to weavers	pending	\N
92	44	2020-02-27	Secure raw materials for Robssssb Vices hammock production	Raw materials expenditure	pending	\N
27	1	2020-01-30	Secure raw materials for Robb Vices hammock production	Raw materials expenditure	transferred	\N
77	41	2020-02-26	Secure raw materials for Robb Vices hammock production	Raw materials expenditure	pending	\N
80	41	2020-02-26	Secure full time work for weavers	Raw materials expenditure	pending	\N
79	41	2020-02-26	Finalize Virgin Yarn Order	Raw materials expenditure	pending	\N
78	41	2020-02-26	Secure full time work for weavers	Raw materials expenditure	pending	\N
81	41	2020-02-26	Maintain production through summer and into Q3	Production, payments to weavers	pending	\N
82	42	2020-02-27	Secure raw materials for Robb Vices hammock production	Raw materials expenditure	pending	\N
83	42	2020-02-27	Secure full time work for weavers	Raw materials expenditure	pending	\N
84	42	2020-02-27	Finalize Virgin Yarn Order	Raw materials expenditure	pending	\N
85	42	2020-02-27	Secure full time work for weavers	Raw materials expenditure	pending	\N
86	42	2020-02-27	Maintain production through summer and into Q3	Production, payments to weavers	pending	\N
87	43	2020-02-27	Secure raw materials for Robb Vices hammock production	Raw materials expenditure	pending	\N
88	43	2020-02-27	Secure full time work for weavers	Raw materials expenditure	pending	\N
89	43	2020-02-27	Finalize Virgin Yarn Order	Raw materials expenditure	pending	\N
90	43	2020-02-27	Secure full time work for weavers	Raw materials expenditure	pending	\N
91	43	2020-02-27	Maintain production through summer and into Q3	Production, payments to weavers	pending	\N
93	44	2020-02-27	Secure full time work for weavers	Raw materials expenditure	pending	\N
94	44	2020-02-27	Finalize Virgin Yarn Order	Raw materials expenditure	pending	\N
95	44	2020-02-27	Secure full time work for weavers	Raw materials expenditure	pending	\N
96	44	2020-02-27	Maintain production through summer and into Q3	Production, payments to weavers	pending	\N
99	40	2020-02-27	Secure full time work for weavers	Raw materials expenditure	pending	\N
100	40	2020-02-27	Finalize Virgin Yarn Order	Raw materials expenditure	pending	\N
101	40	2020-02-27	Secure full time work for weavers	Raw materials expenditure	pending	\N
102	40	2020-02-27	Maintain production through summer and into Q3	Production, payments to weavers	pending	\N
103	45	2020-02-27	Secure raw materials for Robb Vices hammock production	Raw materials expenditure	pending	\N
98	40	2020-02-27	Secure raw materials for Robb Vices hamsock production	Raw materials expenditureaa	pending	\N
104	45	2020-02-27	Secure full time work for weavers	Raw materials expenditure	pending	\N
105	45	2020-02-27	Finalize Virgin Yarn Order	Raw materials expenditure	pending	\N
106	45	2020-02-27	Secure full time work for weavers	Raw materials expenditure	pending	\N
107	45	2020-02-27	Maintain production through summer and into Q3	Production, payments to weavers	pending	\N
108	46	2020-02-27	Secure raw materials for Robb Vices hammock production	Raw materials expenditure	pending	\N
109	46	2020-02-27	Secure full time work for weavers	Raw materials expenditure	pending	\N
112	46	2020-02-27	Maintain production through summer and into Q3	Production, payments to weavers	pending	\N
115	39	2020-02-27	Finalize Virgin Yarn Order	Raw materials expenditure	pending	\N
158	29	2020-02-27	Secure raw materials for Robb Vices hammock production	Raw materials expenditure	pending	\N
199	50	2020-02-27	Secure full time work for weavers	Raw materials expenditure	pending	\N
242	59	2020-02-28	Finalize Virgin Yarn Order	Raw materials expenditure	pending	\N
111	46	2020-02-27	Secure full time work for weavers	Raw materials expenditure	pending	\N
159	29	2020-02-27	Secure full time work for weavers	Raw materials expenditure	pending	\N
200	50	2020-02-27	Finalize Virgin Yarn Order	Raw materials expenditure	pending	\N
243	59	2020-02-28	Secure full time work for weavers	Raw materials expenditure	pending	\N
113	39	2020-02-27	Secure raw materials for Robb Vices hammock production	Raw materials expenditure	pending	\N
160	29	2020-02-27	Finalize Virgin Yarn Order	Raw materials expenditure	pending	\N
201	50	2020-02-27	Secure full time work for weavers	Raw materials expenditure	pending	\N
244	59	2020-02-28	Maintain production through summer and into Q3	Production, payments to weavers	pending	\N
114	39	2020-02-27	Secure full time work for weavers	Raw materials expenditure	pending	\N
161	29	2020-02-27	Secure full time work for weavers	Raw materials expenditure	pending	\N
202	50	2020-02-27	Maintain production through summer and into Q3	Production, payments to weavers	pending	\N
245	61	2020-02-28	Secure raw materials for Robb Vices hammock production	Raw materials expenditure	pending	\N
116	39	2020-02-27	Secure full time work for weavers	Raw materials expenditure	pending	\N
162	29	2020-02-27	Maintain production through summer and into Q3	Production, payments to weavers	pending	\N
203	51	2020-02-27	Secure raw materials for Robb Vices hammock production	Raw materials expenditure	pending	\N
246	61	2020-02-28	Secure full time work for weavers	Raw materials expenditure	pending	\N
250	62	2020-02-28	Secure raw materials for Robb Vices hammock production	Raw materials expenditure	pending	\N
118	38	2020-02-27	Secure raw materials for Robb Vices hammock production	Raw materials expenditure	pending	\N
163	33	2020-02-27	Secure raw materials for Robb Vices hammock production	Raw materials expenditure	pending	\N
204	51	2020-02-27	Secure full time work for weavers	Raw materials expenditure	pending	\N
247	61	2020-02-28	Finalize Virgin Yarn Order	Raw materials expenditure	pending	\N
251	62	2020-02-28	Secure full time work for weavers	Raw materials expenditure	pending	\N
270	68	2020-02-28	Secure raw materials for Robb Vices hammock production	Raw materials expenditure	pending	\N
275	70	2020-03-02	Secure raw materials for Robb Vices hammock production	Raw materials expenditure	pending	\N
288	72	2020-03-17	ass	dd	pending	\N
119	38	2020-02-27	Secure full time work for weavers	Raw materials expenditure	pending	\N
164	33	2020-02-27	Secure full time work for weavers	Raw materials expenditure	pending	\N
205	51	2020-02-27	Finalize Virgin Yarn Order	Raw materials expenditure	pending	\N
248	61	2020-02-28	Secure full time work for weavers	Raw materials expenditure	pending	\N
271	68	2020-02-28	Secure full time work for weavers	Raw materials expenditure	pending	\N
276	70	2020-03-02	Secure full time work for weavers	Raw materials expenditure	pending	\N
120	38	2020-02-27	Finalize Virgin Yarn Order	Raw materials expenditure	pending	\N
165	33	2020-02-27	Finalize Virgin Yarn Order	Raw materials expenditure	pending	\N
206	51	2020-02-27	Secure full time work for weavers	Raw materials expenditure	pending	\N
249	61	2020-02-28	Maintain production through summer and into Q3	Production, payments to weavers	pending	\N
252	62	2020-02-28	Finalize Virgin Yarn Order	Raw materials expenditure	pending	\N
272	68	2020-02-28	Finalize Virgin Yarn Order	Raw materials expenditure	pending	\N
277	70	2020-03-02	Finalize Virgin Yarn Order	Raw materials expenditure	pending	\N
121	38	2020-02-27	Secure full time work for weavers	Raw materials expenditure	pending	\N
166	33	2020-02-27	Secure full time work for weavers	Raw materials expenditure	pending	\N
207	51	2020-02-27	Maintain production through summer and into Q3	Production, payments to weavers	pending	\N
253	62	2020-02-28	Secure full time work for weavers	Raw materials expenditure	pending	\N
274	68	2020-02-28	Maintain production through summer and into Q3	Production, payments to weavers	pending	\N
278	70	2020-03-02	Secure full time work for weavers	Raw materials expenditure	pending	\N
122	38	2020-02-27	Maintain production through summer and into Q3	Production, payments to weavers	pending	\N
167	33	2020-02-27	Maintain production through summer and into Q3	Production, payments to weavers	pending	\N
208	52	2020-02-27	Secure raw materials for Robb Vices hammock production	Raw materials expenditure	pending	\N
254	62	2020-02-28	Maintain production through summer and into Q3	Production, payments to weavers	pending	\N
273	68	2020-02-28	Secure full time work for weavers	Raw materials expenditure	pending	\N
279	70	2020-03-02	Maintain production through summer and into Q3	Production, payments to weavers	pending	\N
123	34	2020-02-27	Secure raw materials for Robb Vices hammock production	Raw materials expenditure	pending	\N
168	27	2020-02-27	Secure raw materials for Robb Vices hammock production	Raw materials expenditure	pending	\N
209	52	2020-02-27	Secure full time work for weavers	Raw materials expenditure	pending	\N
255	64	2020-02-28	Secure raw materials for Robb Vices hammock production	Raw materials expenditure	pending	\N
280	71	2020-03-05	This is the first milestone	Que se yo	transferred	\N
124	34	2020-02-27	Secure full time work for weavers	Raw materials expenditure	pending	\N
169	27	2020-02-27	Secure full time work for weavers	Raw materials expenditure	pending	\N
210	52	2020-02-27	Finalize Virgin Yarn Order	Raw materials expenditure	pending	\N
256	64	2020-02-28	Secure full time work for weavers	Raw materials expenditure	pending	\N
281	71	2020-03-05	Another milestone	No se	claimed	/files/projects/milestones/claim/0/0a85d865e0abd24fdecfc942b846d43d.jpeg
125	34	2020-02-27	Finalize Virgin Yarn Order	Raw materials expenditure	pending	\N
170	27	2020-02-27	Finalize Virgin Yarn Order	Raw materials expenditure	pending	\N
211	52	2020-02-27	Secure full time work for weavers	Raw materials expenditure	pending	\N
257	64	2020-02-28	Finalize Virgin Yarn Order	Raw materials expenditure	pending	\N
126	34	2020-02-27	Secure full time work for weavers	Raw materials expenditure	pending	\N
171	27	2020-02-27	Secure full time work for weavers	Raw materials expenditure	pending	\N
212	52	2020-02-27	Maintain production through summer and into Q3	Production, payments to weavers	pending	\N
258	64	2020-02-28	Secure full time work for weavers	Raw materials expenditure	pending	\N
127	34	2020-02-27	Maintain production through summer and into Q3	Production, payments to weavers	pending	\N
172	27	2020-02-27	Maintain production through summer and into Q3	Production, payments to weavers	pending	\N
213	53	2020-02-27	Secure raw materials for Robb Vices hammock production	Raw materials expenditure	pending	\N
259	64	2020-02-28	Maintain production through summer and into Q3	Production, payments to weavers	pending	\N
128	31	2020-02-27	Secure raw materials for Robb Vices hammock production	Raw materials expenditure	pending	\N
134	32	2020-02-27	Secure full time work for weavers	Raw materials expenditure	pending	\N
173	23	2020-02-27	Secure raw materials for Robb Vices hammock production	Raw materials expenditure	pending	\N
214	53	2020-02-27	Secure full time work for weavers	Raw materials expenditure	pending	\N
260	65	2020-02-28	Secure raw materials for Robb Vices hammock production	Raw materials expenditure	pending	\N
129	31	2020-02-27	Secure full time work for weavers	Raw materials expenditure	pending	\N
136	32	2020-02-27	Secure full time work for weavers	Raw materials expenditure	pending	\N
174	23	2020-02-27	Secure full time work for weavers	Raw materials expenditure	pending	\N
215	53	2020-02-27	Finalize Virgin Yarn Order	Raw materials expenditure	pending	\N
261	65	2020-02-28	Secure full time work for weavers	Raw materials expenditure	pending	\N
130	31	2020-02-27	Finalize Virgin Yarn Order	Raw materials expenditure	pending	\N
175	23	2020-02-27	Finalize Virgin Yarn Order	Raw materials expenditure	pending	\N
216	53	2020-02-27	Secure full time work for weavers	Raw materials expenditure	pending	\N
262	65	2020-02-28	Finalize Virgin Yarn Order	Raw materials expenditure	pending	\N
131	31	2020-02-27	Secure full time work for weavers	Raw materials expenditure	pending	\N
135	32	2020-02-27	Finalize Virgin Yarn Order	Raw materials expenditure	pending	\N
176	23	2020-02-27	Secure full time work for weavers	Raw materials expenditure	pending	\N
217	53	2020-02-27	Maintain production through summer and into Q3	Production, payments to weavers	pending	\N
263	65	2020-02-28	Secure full time work for weavers	Raw materials expenditure	pending	\N
132	31	2020-02-27	Maintain production through summer and into Q3	Production, payments to weavers	pending	\N
133	32	2020-02-27	Secure raw materials for Robb Vices hammock production	Raw materials expenditure	pending	\N
177	23	2020-02-27	Maintain production through summer and into Q3	Production, payments to weavers	pending	\N
218	54	2020-02-27	Secure raw materials for Robb Vices hammock production	Raw materials expenditure	pending	\N
264	65	2020-02-28	Maintain production through summer and into Q3	Production, payments to weavers	pending	\N
137	32	2020-02-27	Maintain production through summer and into Q3	Production, payments to weavers	pending	\N
178	18	2020-02-27	Secure raw materials for Robb Vices hammock production	Raw materials expenditure	pending	\N
219	54	2020-02-27	Secure full time work for weavers	Raw materials expenditure	pending	\N
265	66	2020-02-28	Secure raw materials for Robb Vices hammock production	Raw materials expenditure	pending	\N
138	30	2020-02-27	Secure raw materials for Robb Vices hammock production	Raw materials expenditure	pending	\N
179	18	2020-02-27	Secure full time work for weavers	Raw materials expenditure	pending	\N
220	54	2020-02-27	Finalize Virgin Yarn Order	Raw materials expenditure	pending	\N
266	66	2020-02-28	Secure full time work for weavers	Raw materials expenditure	pending	\N
140	30	2020-02-27	Finalize Virgin Yarn Order	Raw materials expenditure	pending	\N
180	18	2020-02-27	Finalize Virgin Yarn Order	Raw materials expenditure	pending	\N
221	54	2020-02-27	Secure full time work for weavers	Raw materials expenditure	pending	\N
267	66	2020-02-28	Finalize Virgin Yarn Order	Raw materials expenditure	pending	\N
139	30	2020-02-27	Secure full time work for weavers	Raw materials expenditure	pending	\N
181	18	2020-02-27	Secure full time work for weavers	Raw materials expenditure	pending	\N
222	54	2020-02-27	Maintain production through summer and into Q3	Production, payments to weavers	pending	\N
268	66	2020-02-28	Secure full time work for weavers	Raw materials expenditure	pending	\N
141	30	2020-02-27	Secure full time work for weavers	Raw materials expenditure	pending	\N
182	18	2020-02-27	Maintain production through summer and into Q3	Production, payments to weavers	pending	\N
223	55	2020-02-27	asdf	adsf	pending	\N
224	55	2020-02-27	Secure raw materials for Robb Vices hammock production	Raw materials expenditure	pending	\N
269	66	2020-02-28	Maintain production through summer and into Q3	Production, payments to weavers	pending	\N
142	30	2020-02-27	Maintain production through summer and into Q3	Production, payments to weavers	pending	\N
183	47	2020-02-27	Secure raw materials for Robb Vices hammock production	Raw materials expenditure	pending	\N
225	55	2020-02-27	Secure full time work for weavers	Raw materials expenditure	pending	\N
143	28	2020-02-27	Secure raw materials for Robb Vices hammock production	Raw materials expenditure	pending	\N
184	47	2020-02-27	Secure full time work for weavers	Raw materials expenditure	pending	\N
226	55	2020-02-27	Finalize Virgin Yarn Order	Raw materials expenditure	pending	\N
144	28	2020-02-27	Secure full time work for weavers	Raw materials expenditure	pending	\N
185	47	2020-02-27	Finalize Virgin Yarn Order	Raw materials expenditure	pending	\N
227	55	2020-02-27	Secure full time work for weavers	Raw materials expenditure	pending	\N
145	28	2020-02-27	Finalize Virgin Yarn Order	Raw materials expenditure	pending	\N
186	47	2020-02-27	Secure full time work for weavers	Raw materials expenditure	pending	\N
228	55	2020-02-27	Maintain production through summer and into Q3	Production, payments to weavers	pending	\N
146	28	2020-02-27	Secure full time work for weavers	Raw materials expenditure	pending	\N
187	47	2020-02-27	Maintain production through summer and into Q3	Production, payments to weavers	pending	\N
229	56	2020-02-27	Secure raw materials for Robb Vices hammock production	Raw materials expenditure	pending	\N
147	28	2020-02-27	Maintain production through summer and into Q3	Production, payments to weavers	pending	\N
188	48	2020-02-27	Secure raw materials for Robb Vices hammock production	Raw materials expenditure	pending	\N
230	56	2020-02-27	Secure full time work for weavers	Raw materials expenditure	pending	\N
148	37	2020-02-27	Secure raw materials for Robb Vices hammock production	Raw materials expenditure	pending	\N
189	48	2020-02-27	Secure full time work for weavers	Raw materials expenditure	pending	\N
231	56	2020-02-27	Finalize Virgin Yarn Order	Raw materials expenditure	pending	\N
149	37	2020-02-27	Secure full time work for weavers	Raw materials expenditure	pending	\N
190	48	2020-02-27	Finalize Virgin Yarn Order	Raw materials expenditure	pending	\N
232	56	2020-02-27	Secure full time work for weavers	Raw materials expenditure	pending	\N
150	37	2020-02-27	Finalize Virgin Yarn Order	Raw materials expenditure	pending	\N
191	48	2020-02-27	Secure full time work for weavers	Raw materials expenditure	pending	\N
233	56	2020-02-27	Maintain production through summer and into Q3	Production, payments to weavers	pending	\N
151	37	2020-02-27	Secure full time work for weavers	Raw materials expenditure	pending	\N
192	48	2020-02-27	Maintain production through summer and into Q3	Production, payments to weavers	pending	\N
234	57	2020-02-27	sdafasdf	asdfasdf	pending	\N
235	57	2020-02-27	Secure raw materials for Robb Vices hammock production	Raw materials expenditure	pending	\N
152	37	2020-02-27	Maintain production through summer and into Q3	Production, payments to weavers	pending	\N
193	49	2020-02-27	Secure raw materials for Robb Vices hammock production	Raw materials expenditure	pending	\N
236	57	2020-02-27	Secure full time work for weavers	Raw materials expenditure	pending	\N
153	36	2020-02-27	Secure raw materials for Robb Vices hammock production	Raw materials expenditure	pending	\N
194	49	2020-02-27	Secure full time work for weavers	Raw materials expenditure	pending	\N
237	57	2020-02-27	Finalize Virgin Yarn Order	Raw materials expenditure	pending	\N
154	36	2020-02-27	Secure full time work for weavers	Raw materials expenditure	pending	\N
195	49	2020-02-27	Finalize Virgin Yarn Order	Raw materials expenditure	pending	\N
238	57	2020-02-27	Secure full time work for weavers	Raw materials expenditure	pending	\N
155	36	2020-02-27	Finalize Virgin Yarn Order	Raw materials expenditure	pending	\N
196	49	2020-02-27	Secure full time work for weavers	Raw materials expenditure	pending	\N
239	57	2020-02-27	Maintain production through summer and into Q3	Production, payments to weavers	pending	\N
156	36	2020-02-27	Secure full time work for weavers	Raw materials expenditure	pending	\N
197	49	2020-02-27	Maintain production through summer and into Q3	Production, payments to weavers	pending	\N
240	59	2020-02-28	Secure raw materials for Robb Vices hammock production	Raw materials expenditure	pending	\N
157	36	2020-02-27	Maintain production through summer and into Q3	Production, payments to weavers	pending	\N
198	50	2020-02-27	Secure raw materials for Robb Vices hammock production	Raw materials expenditure	pending	\N
241	59	2020-02-28	Secure full time work for weavers	Raw materials expenditure	pending	\N
110	46	2020-02-27	Finalize Virgin Yarn Order	Raw materials expenditure	pending	\N
117	39	2020-02-27	Maintain production through summer and into Q3	Production, payments to weavers	pending	\N
\.


--
-- TOC entry 3186 (class 0 OID 39320)
-- Dependencies: 206
-- Data for Name: pass_recovery; Type: TABLE DATA; Schema: public; Owner: -
--

COPY public.pass_recovery (id, token, email, createdat) FROM stdin;
\.


--
-- TOC entry 3189 (class 0 OID 39333)
-- Dependencies: 209
-- Data for Name: project_experience; Type: TABLE DATA; Schema: public; Owner: -
--

COPY public.project_experience (id, "projectId", "userId", comment, "createdAt") FROM stdin;
3	1	97	Experience 2	2020-01-31 17:05:04.566-03
4	1	97	Experience 3	2020-01-31 17:06:03.11-03
5	1	97	Experience 4	2020-01-31 17:09:34.831-03
6	1	97	Experience 5	2020-01-31 17:10:10.413-03
2	1	1	asdasdasd asdasdasd asdasdasd asdasdasd asdasdasd asdasdasd asdasdasd asdasdasd asdasdasd asdasdasd asdasdasd asdasdasd asdasdasd asdasdasd asdasdasd asdasdasd asdasdasd asdasdasd asdasdasd asdasdasd asdasdasd asdasdasd asdasdasd asdasdasd asdasdasd asdasdasd asdasdasd asdasdasd asdasdasd asdasdasd asdasdasd asdasdasd asdasdasd asdasdasd asdasdasd asdasdasd asdasdasd asdasdasd asdasdasd asdasdasd asdasdasd asdasdasd asdasdasd asdasdasd asdasdasd asdasdasd asdasdasd asdasdasd asdasdasd asdasdasd asdasdasd asdasdasd asdasdasd asdasdasd asdasdasd asdasdasd asdasdasd asdasdasd asdasdasd asdasdasd asdasdasd asdasdasd 	2019-08-01 00:00:00-03
7	24	97	This is my experience with this project: 	2020-02-06 16:11:09.097-03
8	24	97	Hello	2020-02-06 16:11:25.199-03
9	24	97	AMAZING!	2020-02-06 16:12:03.507-03
10	19	97	THis is my	2020-02-07 12:53:56.655-03
11	19	97	lliuoioi	2020-02-07 12:54:27.336-03
12	19	97	lhukhu	2020-02-07 12:54:38.974-03
13	19	97	hyuiui	2020-02-07 12:54:52.811-03
14	19	97	jgjgjy	2020-02-07 12:55:02.036-03
15	2	97	asdasdsadas	2020-02-10 16:45:21.334-03
16	25	97	adsfads	2020-02-11 15:23:31.936-03
17	20	97	sssss	2020-02-17 09:27:38.473-03
18	20	97	sadasdsasad	2020-03-02 14:47:31.511-03
\.


--
-- TOC entry 3191 (class 0 OID 39341)
-- Dependencies: 211
-- Data for Name: project_experience_photo; Type: TABLE DATA; Schema: public; Owner: -
--

COPY public.project_experience_photo (id, path, "projectExperienceId", "createdAt") FROM stdin;
1	/files/projects/experiencePhotos/0/0a85d865e0abd24fdecfc942b846d43d.jpeg	3	2020-01-31 17:05:04.959-03
2	/files/projects/experiencePhotos/6/6c27af9529000f206699d5c315f09b67.jpeg	3	2020-01-31 17:05:04.965-03
3	/files/projects/experiencePhotos/0/0a85d865e0abd24fdecfc942b846d43d.jpeg	4	2020-01-31 17:06:03.21-03
4	/files/projects/experiencePhotos/6/6c27af9529000f206699d5c315f09b67.jpeg	4	2020-01-31 17:06:03.212-03
5	/files/projects/experiencePhotos/6/6c27af9529000f206699d5c315f09b67.jpeg	5	2020-01-31 17:09:34.913-03
6	/files/projects/experiencePhotos/6/6c27af9529000f206699d5c315f09b67.jpeg	6	2020-01-31 17:10:10.522-03
7	/files/projects/experiencePhotos/3/3e427f56cac83af7dd776f64f0220cd5.jpeg	6	2020-01-31 17:10:10.525-03
8	/files/projects/experiencePhotos/3/3e427f56cac83af7dd776f64f0220cd5.jpeg	6	2020-01-31 17:10:10.525-03
9	/files/projects/experiencePhotos/3/3e427f56cac83af7dd776f64f0220cd5.jpeg	6	2020-01-31 17:10:10.525-03
10	/files/projects/experiencePhotos/3/3e427f56cac83af7dd776f64f0220cd5.jpeg	6	2020-01-31 17:10:10.525-03
11	/files/projects/experiencePhotos/3/3e427f56cac83af7dd776f64f0220cd5.jpeg	6	2020-01-31 17:10:10.525-03
12	/files/projects/experiencePhotos/3/3e427f56cac83af7dd776f64f0220cd5.jpeg	6	2020-01-31 17:10:10.525-03
13	/files/projects/experiencePhotos/3/3e427f56cac83af7dd776f64f0220cd5.jpeg	6	2020-01-31 17:10:10.525-03
14	/files/projects/experiencePhotos/3/3e427f56cac83af7dd776f64f0220cd5.jpeg	6	2020-01-31 17:10:10.525-03
15	/files/projects/experiencePhotos/3/3e427f56cac83af7dd776f64f0220cd5.jpeg	6	2020-01-31 17:10:10.525-03
16	/files/projects/experiencePhotos/3/3e427f56cac83af7dd776f64f0220cd5.jpeg	7	2020-02-06 16:11:09.272-03
17	/files/projects/experiencePhotos/0/0a85d865e0abd24fdecfc942b846d43d.jpeg	7	2020-02-06 16:11:09.275-03
18	/files/projects/experiencePhotos/3/3e427f56cac83af7dd776f64f0220cd5.jpeg	8	2020-02-06 16:11:25.921-03
19	/files/projects/experiencePhotos/0/0a85d865e0abd24fdecfc942b846d43d.jpeg	9	2020-02-06 16:12:03.645-03
20	/files/projects/experiencePhotos/0/0a85d865e0abd24fdecfc942b846d43d.jpeg	10	2020-02-07 12:53:56.757-03
21	/files/projects/experiencePhotos/6/6c27af9529000f206699d5c315f09b67.jpeg	10	2020-02-07 12:53:56.759-03
22	/files/projects/experiencePhotos/0/0a85d865e0abd24fdecfc942b846d43d.jpeg	11	2020-02-07 12:54:27.404-03
23	/files/projects/experiencePhotos/0/0a85d865e0abd24fdecfc942b846d43d.jpeg	12	2020-02-07 12:54:39.062-03
24	/files/projects/experiencePhotos/6/6c27af9529000f206699d5c315f09b67.jpeg	12	2020-02-07 12:54:39.065-03
25	/files/projects/experiencePhotos/0/0a85d865e0abd24fdecfc942b846d43d.jpeg	13	2020-02-07 12:54:52.87-03
26	/files/projects/experiencePhotos/0/0a85d865e0abd24fdecfc942b846d43d.jpeg	14	2020-02-07 12:55:02.133-03
27	/files/projects/experiencePhotos/6/6c27af9529000f206699d5c315f09b67.jpeg	14	2020-02-07 12:55:02.136-03
28	/files/projects/experiencePhotos/0/0a85d865e0abd24fdecfc942b846d43d.jpeg	15	2020-02-10 16:45:21.441-03
29	/files/projects/experiencePhotos/6/6c27af9529000f206699d5c315f09b67.jpeg	16	2020-02-11 15:23:32.36-03
30	/files/projects/experiencePhotos/0/0a85d865e0abd24fdecfc942b846d43d.jpeg	17	2020-02-17 09:27:39.436-03
31	/files/projects/experiencePhotos/6/6c27af9529000f206699d5c315f09b67.jpeg	18	2020-03-02 14:47:32.051-03
32	/files/projects/experiencePhotos/0/0a85d865e0abd24fdecfc942b846d43d.jpeg	18	2020-03-02 14:47:32.055-03
33	/files/projects/experiencePhotos/c/c960abde2b5cd539c7da24c8a4c91d6f.jpeg	18	2020-03-02 14:47:32.058-03
\.


--
-- TOC entry 3193 (class 0 OID 39346)
-- Dependencies: 213
-- Data for Name: project_follower; Type: TABLE DATA; Schema: public; Owner: -
--

COPY public.project_follower (id, "projectId", "userId") FROM stdin;
18	25	97
19	4	97
28	71	101
30	1	96
32	71	115
33	1	97
34	72	115
\.


--
-- TOC entry 3195 (class 0 OID 39351)
-- Dependencies: 215
-- Data for Name: project_funder; Type: TABLE DATA; Schema: public; Owner: -
--

COPY public.project_funder (id, "projectId", "userId") FROM stdin;
6	1	97
13	15	95
16	20	96
17	1	96
18	71	115
19	71	96
\.


--
-- TOC entry 3198 (class 0 OID 39358)
-- Dependencies: 218
-- Data for Name: project_oracle; Type: TABLE DATA; Schema: public; Owner: -
--

COPY public.project_oracle (id, "projectId", "userId") FROM stdin;
3	1	95
4	1	86
9	20	96
10	71	115
11	72	115
\.


--
-- TOC entry 3200 (class 0 OID 39363)
-- Dependencies: 220
-- Data for Name: question; Type: TABLE DATA; Schema: public; Owner: -
--

COPY public.question (id, question) FROM stdin;
\.


--
-- TOC entry 3202 (class 0 OID 39371)
-- Dependencies: 222
-- Data for Name: task; Type: TABLE DATA; Schema: public; Owner: -
--

COPY public.task (id, "milestoneId", "createdAt", "taskHash", description, "reviewCriteria", category, "keyPersonnel", budget, "oracleId") FROM stdin;
20	22	2020-01-28		Pay 50% deposit to yarn company for cotton yarn	review criteria	Raw materials expenditure	Joe and Allen	5000	\N
21	23	2020-01-28		Negotiate and finalize purchase orders	review criteria	Raw materials expenditure	Joe and Allen	5000	\N
22	24	2020-01-28		Pay deposit to get yarn into production	review criteria	Raw materials expenditure	Joe and Allen	5000	\N
23	25	2020-01-28		Adhere to weekly payment schedule to weavers	review criteria	Raw materials expenditure	Joe and Allen	5000	\N
24	26	2020-01-28		Adhere to weekly payment schedule to weavers	review criteria	Production, payments to weavers	Joe and Allen	32000	\N
25	23	2020-01-28		Pay remaining amount to yarn company cotton yarn	review criteria	Raw materials expenditure	Joe and Allen	5000	\N
26	22	2020-01-28		Pay remaining amount to yarn company cotton yarn	review criteria	Raw materials expenditure	Joe and Allen	5000	\N
27	26	2020-01-28		Adhere to weekly payment schedule to weavers	review criteria	Production, payments to weavers	Joe and Allen	32000	\N
28	24	2020-01-28		Pay remaining balance to receive yarn	review criteria	Raw materials expenditure	Joe and Allen	5000	\N
29	25	2020-01-28		Adhere to weekly payment schedule to weavers	review criteria	Raw materials expenditure	Joe and Allen	5000	\N
39	29	2020-01-30		Pay remaining balance to receive yarn	review criteria	Raw materials expenditure	Joe and Allen	5000	95
37	31	2020-01-30		Adhere to weekly payment schedule to weavers	review criteria	Production, payments to weavers	Joe and Allen	32000	95
40	32	2020-02-03		Pay 50% deposit to yarn company for cotton yarn	Robb Vices purchase order	Raw materials expenditure	Joe and Allen	5000	\N
41	34	2020-02-03		Pay deposit to get yarn into production	Robb Vices purchase order	Raw materials expenditure	Joe and Allen	5000	\N
42	36	2020-02-03		Adhere to weekly payment schedule to weavers	Virgin purchase order	Production, payments to weavers	Joe and Allen	32000	\N
43	33	2020-02-03		Negotiate and finalize purchase orders	Robb Vices purchase order	Raw materials expenditure	Joe and Allen	5000	\N
44	35	2020-02-03		Adhere to weekly payment schedule to weavers	Robb Vices purchase order	Raw materials expenditure	Joe and Allen	5000	\N
45	32	2020-02-03		Pay remaining amount to yarn company cotton yarn	Robb Vices purchase order	Raw materials expenditure	Joe and Allen	5000	\N
46	34	2020-02-03		Pay remaining balance to receive yarn	Robb Vices purchase order	Raw materials expenditure	Joe and Allen	5000	\N
47	36	2020-02-03		Adhere to weekly payment schedule to weavers	Virgin purchase order	Production, payments to weavers	Joe and Allen	32000	\N
48	35	2020-02-03		Adhere to weekly payment schedule to weavers	Robb Vices purchase order	Raw materials expenditure	Joe and Allen	5000	\N
49	33	2020-02-03		Pay remaining amount to yarn company cotton yarn	Robb Vices purchase order	Raw materials expenditure	Joe and Allen	5000	\N
50	37	2020-02-03		Pay 50% deposit to yarn company for cotton yarn	Robb Vices purchase order	Raw materials expenditure	Joe and Allen	5000	\N
51	41	2020-02-03		Adhere to weekly payment schedule to weavers	Virgin purchase order	Production, payments to weavers	Joe and Allen	32000	\N
52	39	2020-02-03		Pay deposit to get yarn into production	Robb Vices purchase order	Raw materials expenditure	Joe and Allen	5000	\N
53	40	2020-02-03		Adhere to weekly payment schedule to weavers	Robb Vices purchase order	Raw materials expenditure	Joe and Allen	5000	\N
54	38	2020-02-03		Negotiate and finalize purchase orders	Robb Vices purchase order	Raw materials expenditure	Joe and Allen	5000	\N
55	41	2020-02-03		Adhere to weekly payment schedule to weavers	Virgin purchase order	Production, payments to weavers	Joe and Allen	32000	\N
56	38	2020-02-03		Pay remaining amount to yarn company cotton yarn	Robb Vices purchase order	Raw materials expenditure	Joe and Allen	5000	\N
57	37	2020-02-03		Pay remaining amount to yarn company cotton yarn	Robb Vices purchase order	Raw materials expenditure	Joe and Allen	5000	\N
34	30	2020-01-30		Adhere to weekly payment schedule to weavers	review criteria	Raw materials expenditure	Joe and Allen	5000	86
30	27	2020-01-30		Pay 50% deposit to yarn company for cotton yarn	review criteria	Raw materials expenditure	Joe and Allen	5000	95
35	27	2020-01-30		Pay remaining amount to yarn company cotton yarn	review criteria	Raw materials expenditure	Joe and Allen	5000	86
36	28	2020-01-30		Pay remaining amount to yarn company cotton yarn	review criteria	Raw materials expenditure	Joe and Allen	5000	86
32	28	2020-01-30		Negotiate and finalize purchase orders	review criteria	Raw materials expenditure	Joe and Allen	5000	95
33	29	2020-01-30		Pay deposit to get yarn into production	review criteria	Raw materials expenditure	Joe and Allen	5000	86
38	30	2020-01-30		Adhere to weekly payment schedule to weavers	review criteria	Raw materials expenditure	Joe and Allen	5000	95
31	31	2020-01-30		Adhere to weekly payment schedule to weavers	review criteria	Production, payments to weavers	Joe and Allen	32000	86
58	39	2020-02-03		Pay remaining balance to receive yarn	Robb Vices purchase order	Raw materials expenditure	Joe and Allen	5000	\N
59	40	2020-02-03		Adhere to weekly payment schedule to weavers	Robb Vices purchase order	Raw materials expenditure	Joe and Allen	5000	\N
60	42	2020-02-03		Pay 50% deposit to yarn company for cotton yarn	Robb Vices purchase order	Raw materials expenditure	Joe and Allen	5000	\N
61	43	2020-02-03		Negotiate and finalize purchase orders	Robb Vices purchase order	Raw materials expenditure	Joe and Allen	5000	\N
62	45	2020-02-03		Adhere to weekly payment schedule to weavers	Robb Vices purchase order	Raw materials expenditure	Joe and Allen	5000	\N
63	44	2020-02-03		Pay deposit to get yarn into production	Robb Vices purchase order	Raw materials expenditure	Joe and Allen	5000	\N
64	46	2020-02-03		Adhere to weekly payment schedule to weavers	Virgin purchase order	Production, payments to weavers	Joe and Allen	32000	\N
65	42	2020-02-03		Pay remaining amount to yarn company cotton yarn	Robb Vices purchase order	Raw materials expenditure	Joe and Allen	5000	\N
66	43	2020-02-03		Pay remaining amount to yarn company cotton yarn	Robb Vices purchase order	Raw materials expenditure	Joe and Allen	5000	\N
67	44	2020-02-03		Pay remaining balance to receive yarn	Robb Vices purchase order	Raw materials expenditure	Joe and Allen	5000	\N
68	46	2020-02-03		Adhere to weekly payment schedule to weavers	Virgin purchase order	Production, payments to weavers	Joe and Allen	32000	\N
69	45	2020-02-03		Adhere to weekly payment schedule to weavers	Robb Vices purchase order	Raw materials expenditure	Joe and Allen	5000	\N
70	47	2020-02-03		Pay 50% deposit to yarn company for cotton yarn	Robb Vices purchase order	Raw materials expenditure	Joe and Allen	5000	\N
71	50	2020-02-03		Adhere to weekly payment schedule to weavers	Robb Vices purchase order	Raw materials expenditure	Joe and Allen	5000	\N
72	48	2020-02-03		Negotiate and finalize purchase orders	Robb Vices purchase order	Raw materials expenditure	Joe and Allen	5000	\N
73	49	2020-02-03		Pay deposit to get yarn into production	Robb Vices purchase order	Raw materials expenditure	Joe and Allen	5000	\N
74	51	2020-02-03		Adhere to weekly payment schedule to weavers	Virgin purchase order	Production, payments to weavers	Joe and Allen	32000	\N
75	47	2020-02-03		Pay remaining amount to yarn company cotton yarn	Robb Vices purchase order	Raw materials expenditure	Joe and Allen	5000	\N
76	50	2020-02-03		Adhere to weekly payment schedule to weavers	Robb Vices purchase order	Raw materials expenditure	Joe and Allen	5000	\N
77	49	2020-02-03		Pay remaining balance to receive yarn	Robb Vices purchase order	Raw materials expenditure	Joe and Allen	5000	\N
78	51	2020-02-03		Adhere to weekly payment schedule to weavers	Virgin purchase order	Production, payments to weavers	Joe and Allen	32000	\N
79	48	2020-02-03		Pay remaining amount to yarn company cotton yarn	Robb Vices purchase order	Raw materials expenditure	Joe and Allen	5000	\N
80	52	2020-02-03		Pay 50% deposit to yarn company for cotton yarn	Robb Vices purchase order	Raw materials expenditure	Joe and Allen	5000	\N
81	56	2020-02-03		Adhere to weekly payment schedule to weavers	Virgin purchase order	Production, payments to weavers	Joe and Allen	32000	\N
82	53	2020-02-03		Negotiate and finalize purchase orders	Robb Vices purchase order	Raw materials expenditure	Joe and Allen	5000	\N
83	54	2020-02-03		Pay deposit to get yarn into production	Robb Vices purchase order	Raw materials expenditure	Joe and Allen	5000	\N
84	55	2020-02-03		Adhere to weekly payment schedule to weavers	Robb Vices purchase order	Raw materials expenditure	Joe and Allen	5000	\N
85	54	2020-02-03		Pay remaining balance to receive yarn	Robb Vices purchase order	Raw materials expenditure	Joe and Allen	5000	\N
86	53	2020-02-03		Pay remaining amount to yarn company cotton yarn	Robb Vices purchase order	Raw materials expenditure	Joe and Allen	5000	\N
87	55	2020-02-03		Adhere to weekly payment schedule to weavers	Robb Vices purchase order	Raw materials expenditure	Joe and Allen	5000	\N
88	56	2020-02-03		Adhere to weekly payment schedule to weavers	Virgin purchase order	Production, payments to weavers	Joe and Allen	32000	\N
89	52	2020-02-03		Pay remaining amount to yarn company cotton yarn	Robb Vices purchase order	Raw materials expenditure	Joe and Allen	5000	\N
90	57	2020-02-03		Pay 50% deposit to yarn company for cotton yarn	Robb Vices purchase order	Raw materials expenditure	Joe and Allen	5000	\N
91	57	2020-02-03		Pay remaining amount to yarn company cotton yarn	Robb Vices purchase order	Raw materials expenditure	Joe and Allen	5000	\N
93	59	2020-02-03		Pay deposit to get yarn into production	Robb Vices purchase order	Raw materials expenditure	Joe and Allen	5000	\N
94	58	2020-02-03		Negotiate and finalize purchase orders	Robb Vices purchase order	Raw materials expenditure	Joe and Allen	5000	\N
92	61	2020-02-03		Adhere to weekly payment schedule to weavers	Virgin purchase order	Production, payments to weavers	Joe and Allen	32000	\N
95	60	2020-02-03		Adhere to weekly payment schedule to weavers	Robb Vices purchase order	Raw materials expenditure	Joe and Allen	5000	\N
96	59	2020-02-03		Pay remaining balance to receive yarn	Robb Vices purchase order	Raw materials expenditure	Joe and Allen	5000	\N
97	58	2020-02-03		Pay remaining amount to yarn company cotton yarn	Robb Vices purchase order	Raw materials expenditure	Joe and Allen	5000	\N
98	60	2020-02-03		Adhere to weekly payment schedule to weavers	Robb Vices purchase order	Raw materials expenditure	Joe and Allen	5000	\N
99	61	2020-02-03		Adhere to weekly payment schedule to weavers	Virgin purchase order	Production, payments to weavers	Joe and Allen	32000	\N
100	62	2020-02-04		Pay 50% deposit to yarn company for cotton yarn	Robb Vices purchase order	Raw materials expenditure	Joe and Allen	5000	\N
101	63	2020-02-04		Negotiate and finalize purchase orders	Robb Vices purchase order	Raw materials expenditure	Joe and Allen	5000	\N
102	64	2020-02-04		Pay deposit to get yarn into production	Robb Vices purchase order	Raw materials expenditure	Joe and Allen	5000	\N
103	65	2020-02-04		Adhere to weekly payment schedule to weavers	Robb Vices purchase order	Raw materials expenditure	Joe and Allen	5000	\N
104	66	2020-02-04		Adhere to weekly payment schedule to weavers	Virgin purchase order	Production, payments to weavers	Joe and Allen	32000	\N
105	62	2020-02-04		Pay remaining amount to yarn company cotton yarn	Robb Vices purchase order	Raw materials expenditure	Joe and Allen	5000	\N
106	64	2020-02-04		Pay remaining balance to receive yarn	Robb Vices purchase order	Raw materials expenditure	Joe and Allen	5000	\N
107	65	2020-02-04		Adhere to weekly payment schedule to weavers	Robb Vices purchase order	Raw materials expenditure	Joe and Allen	5000	\N
108	63	2020-02-04		Pay remaining amount to yarn company cotton yarn	Robb Vices purchase order	Raw materials expenditure	Joe and Allen	5000	\N
110	68	2020-02-06		Negotiate and finalize purchase orders	Robb Vices purchase order	Raw materials expenditure	Joe and Allen	5000	\N
119	67	2020-02-06		Pay remaining amount to yarn company cotton yarn	Robb Vices purchase order	Raw materials expenditure	Joe and Allen	5000	\N
132	79	2020-02-26		Pay deposit to get yarn into production	Robb Vices purchase order	Raw materials expenditure	Joe and Allen	5000	\N
139	79	2020-02-26		Pay remaining balance to receive yarn	Robb Vices purchase order	Raw materials expenditure	Joe and Allen	5000	\N
166	93	2020-02-27		Pay remaining amount to yarn company cotton yarn	Robb Vices purchase order	Raw materials expenditure	Joe and Allen	5000	\N
203	115	2020-02-27		Pay deposit to get yarn into production	Robb Vices purchase order	Raw materials expenditure	Joe and Allen	5000	\N
227	127	2020-02-27		Adhere to weekly payment schedule to weavers	Virgin purchase order	Production, payments to weavers	Joe and Allen	32000	\N
263	147	2020-02-27		Adhere to weekly payment schedule to weavers	Virgin purchase order	Production, payments to weavers	Joe and Allen	32000	\N
270	147	2020-02-27		Adhere to weekly payment schedule to weavers	Virgin purchase order	Production, payments to weavers	Joe and Allen	32000	\N
294	162	2020-02-27		Adhere to weekly payment schedule to weavers	Virgin purchase order	Production, payments to weavers	Joe and Allen	32000	\N
325	174	2020-02-27		Negotiate and finalize purchase orders	Robb Vices purchase order	Raw materials expenditure	Joe and Allen	5000	\N
330	174	2020-02-27		Pay remaining amount to yarn company cotton yarn	Robb Vices purchase order	Raw materials expenditure	Joe and Allen	5000	\N
351	188	2020-02-27		Pay 50% deposit to yarn company for cotton yarn	Robb Vices purchase order	Raw materials expenditure	Joe and Allen	5000	\N
356	188	2020-02-27		Pay remaining amount to yarn company cotton yarn	Robb Vices purchase order	Raw materials expenditure	Joe and Allen	5000	\N
360	189	2020-02-27		Pay remaining amount to yarn company cotton yarn	Robb Vices purchase order	Raw materials expenditure	Joe and Allen	5000	\N
392	211	2020-02-27		Adhere to weekly payment schedule to weavers	Robb Vices purchase order	Raw materials expenditure	Joe and Allen	5000	\N
397	211	2020-02-27		Adhere to weekly payment schedule to weavers	Robb Vices purchase order	Raw materials expenditure	Joe and Allen	5000	\N
433	230	2020-02-27		Negotiate and finalize purchase orders	Robb Vices purchase order	Raw materials expenditure	Joe and Allen	5000	\N
438	230	2020-02-27		Pay remaining amount to yarn company cotton yarn	Robb Vices purchase order	Raw materials expenditure	Joe and Allen	5000	\N
479	253	2020-02-28		Adhere to weekly payment schedule to weavers	Robb Vices purchase order	Raw materials expenditure	Joe and Allen	5000	\N
511	270	2020-02-28		Pay 50% deposit to yarn company for cotton yarn	Robb Vices purchase order	Raw materials expenditure	Joe and Allen	5000	\N
517	270	2020-02-28		Pay remaining amount to yarn company cotton yarn	Robb Vices purchase order	Raw materials expenditure	Joe and Allen	5000	\N
521	276	2020-03-02		Negotiate and finalize purchase orders	Robb Vices purchase order	Raw materials expenditure	Joe and Allen	5000	\N
545	288	2020-03-17		zz	xx	cc	zz	1	115
111	67	2020-02-06		Pay 50% deposit to yarn company for cotton yarn	Robb Vices purchase order	Raw materials expenditure	Joe and Allen	5000	\N
130	77	2020-02-26		Pay 50% deposit to yarn company for cotton yarn	Robb Vices purchase order	Raw materials expenditure	Joe and Allen	5000	\N
135	77	2020-02-26		Pay remaining amount to yarn company cotton yarn	Robb Vices purchase order	Raw materials expenditure	Joe and Allen	5000	\N
176	98	2020-02-27		Pay remaining amount to yarn company cotton yarn	Robb Vices purchase order	Raw materials expenditure	Joe and Allen	5000	\N
171	98	2020-02-27		Pay 50% deposit to yarn company for cotton yarnx	Robb Vices purchase orderz	Raw materials expenditureq	Joe and Allena	50001	\N
204	116	2020-02-27		Adhere to weekly payment schedule to weavers	Robb Vices purchase order	Raw materials expenditure	Joe and Allen	5000	\N
228	123	2020-02-27		Pay remaining amount to yarn company cotton yarn	Robb Vices purchase order	Raw materials expenditure	Joe and Allen	5000	\N
264	144	2020-02-27		Negotiate and finalize purchase orders	Robb Vices purchase order	Raw materials expenditure	Joe and Allen	5000	\N
268	144	2020-02-27		Pay remaining amount to yarn company cotton yarn	Robb Vices purchase order	Raw materials expenditure	Joe and Allen	5000	\N
295	159	2020-02-27		Negotiate and finalize purchase orders	Robb Vices purchase order	Raw materials expenditure	Joe and Allen	5000	\N
331	179	2020-02-27		Negotiate and finalize purchase orders	Robb Vices purchase order	Raw materials expenditure	Joe and Allen	5000	\N
352	191	2020-02-27		Adhere to weekly payment schedule to weavers	Robb Vices purchase order	Raw materials expenditure	Joe and Allen	5000	\N
357	191	2020-02-27		Adhere to weekly payment schedule to weavers	Robb Vices purchase order	Raw materials expenditure	Joe and Allen	5000	\N
393	212	2020-02-27		Adhere to weekly payment schedule to weavers	Virgin purchase order	Production, payments to weavers	Joe and Allen	32000	\N
434	232	2020-02-27		Adhere to weekly payment schedule to weavers	Robb Vices purchase order	Raw materials expenditure	Joe and Allen	5000	\N
480	254	2020-02-28		Adhere to weekly payment schedule to weavers	Virgin purchase order	Production, payments to weavers	Joe and Allen	32000	\N
512	273	2020-02-28		Adhere to weekly payment schedule to weavers	Robb Vices purchase order	Raw materials expenditure	Joe and Allen	5000	\N
520	273	2020-02-28		Adhere to weekly payment schedule to weavers	Robb Vices purchase order	Raw materials expenditure	Joe and Allen	5000	\N
522	275	2020-03-02		Pay 50% deposit to yarn company for cotton yarn	Robb Vices purchase order	Raw materials expenditure	Joe and Allen	5000	\N
112	70	2020-02-06		Adhere to weekly payment schedule to weavers	Robb Vices purchase order	Raw materials expenditure	Joe and Allen	5000	\N
131	80	2020-02-26		Adhere to weekly payment schedule to weavers	Robb Vices purchase order	Raw materials expenditure	Joe and Allen	5000	\N
137	80	2020-02-26		Adhere to weekly payment schedule to weavers	Robb Vices purchase order	Raw materials expenditure	Joe and Allen	5000	\N
172	102	2020-02-27		Adhere to weekly payment schedule to weavers	Virgin purchase order	Production, payments to weavers	Joe and Allen	32000	\N
177	102	2020-02-27		Adhere to weekly payment schedule to weavers	Virgin purchase order	Production, payments to weavers	Joe and Allen	32000	\N
180	101	2020-02-27		Adhere to weekly payment schedule to weavers	Robb Vices purchase order	Raw materials expenditure	Joe and Allen	5000	\N
205	114	2020-02-27		Negotiate and finalize purchase orders	Robb Vices purchase order	Raw materials expenditure	Joe and Allen	5000	\N
229	126	2020-02-27		Adhere to weekly payment schedule to weavers	Robb Vices purchase order	Raw materials expenditure	Joe and Allen	5000	\N
265	146	2020-02-27		Adhere to weekly payment schedule to weavers	Robb Vices purchase order	Raw materials expenditure	Joe and Allen	5000	\N
267	146	2020-02-27		Adhere to weekly payment schedule to weavers	Robb Vices purchase order	Raw materials expenditure	Joe and Allen	5000	\N
296	161	2020-02-27		Adhere to weekly payment schedule to weavers	Robb Vices purchase order	Raw materials expenditure	Joe and Allen	5000	\N
332	180	2020-02-27		Pay deposit to get yarn into production	Robb Vices purchase order	Raw materials expenditure	Joe and Allen	5000	\N
353	190	2020-02-27		Pay deposit to get yarn into production	Robb Vices purchase order	Raw materials expenditure	Joe and Allen	5000	\N
358	190	2020-02-27		Pay remaining balance to receive yarn	Robb Vices purchase order	Raw materials expenditure	Joe and Allen	5000	\N
394	210	2020-02-27		Pay deposit to get yarn into production	Robb Vices purchase order	Raw materials expenditure	Joe and Allen	5000	\N
400	212	2020-02-27		Adhere to weekly payment schedule to weavers	Virgin purchase order	Production, payments to weavers	Joe and Allen	32000	\N
435	231	2020-02-27		Pay deposit to get yarn into production	Robb Vices purchase order	Raw materials expenditure	Joe and Allen	5000	\N
439	231	2020-02-27		Pay remaining balance to receive yarn	Robb Vices purchase order	Raw materials expenditure	Joe and Allen	5000	\N
481	255	2020-02-28		Pay 50% deposit to yarn company for cotton yarn	Robb Vices purchase order	Raw materials expenditure	Joe and Allen	5000	\N
487	255	2020-02-28		Pay remaining amount to yarn company cotton yarn	Robb Vices purchase order	Raw materials expenditure	Joe and Allen	5000	\N
513	271	2020-02-28		Negotiate and finalize purchase orders	Robb Vices purchase order	Raw materials expenditure	Joe and Allen	5000	\N
518	271	2020-02-28		Pay remaining amount to yarn company cotton yarn	Robb Vices purchase order	Raw materials expenditure	Joe and Allen	5000	\N
523	277	2020-03-02		Pay deposit to get yarn into production	Robb Vices purchase order	Raw materials expenditure	Joe and Allen	5000	\N
113	69	2020-02-06		Pay deposit to get yarn into production	Robb Vices purchase order	Raw materials expenditure	Joe and Allen	5000	\N
118	71	2020-02-06		Adhere to weekly payment schedule to weavers	Virgin purchase order	Production, payments to weavers	Joe and Allen	32000	\N
173	100	2020-02-27		Pay deposit to get yarn into production	Robb Vices purchase order	Raw materials expenditure	Joe and Allen	5000	\N
179	100	2020-02-27		Pay remaining balance to receive yarn	Robb Vices purchase order	Raw materials expenditure	Joe and Allen	5000	\N
136	78	2020-02-26		Pay remaining amount to yarn company cotton yarn	Robb Vices purchase order	Raw materials expenditure	Joe and Allen	\N	\N
133	78	2020-02-26		Negotiate and finalize purchase orders	Robb Vices purchase order	Raw materials expenditure	Joe and Allen	\N	\N
206	113	2020-02-27		Pay remaining amount to yarn company cotton yarn	Robb Vices purchase order	Raw materials expenditure	Joe and Allen	5000	\N
230	124	2020-02-27		Pay remaining amount to yarn company cotton yarn	Robb Vices purchase order	Raw materials expenditure	Joe and Allen	5000	\N
271	148	2020-02-27		Pay 50% deposit to yarn company for cotton yarn	Robb Vices purchase order	Raw materials expenditure	Joe and Allen	5000	\N
279	148	2020-02-27		Pay remaining amount to yarn company cotton yarn	Robb Vices purchase order	Raw materials expenditure	Joe and Allen	5000	\N
297	160	2020-02-27		Pay remaining balance to receive yarn	Robb Vices purchase order	Raw materials expenditure	Joe and Allen	5000	\N
333	178	2020-02-27		Pay 50% deposit to yarn company for cotton yarn	Robb Vices purchase order	Raw materials expenditure	Joe and Allen	5000	\N
354	192	2020-02-27		Adhere to weekly payment schedule to weavers	Virgin purchase order	Production, payments to weavers	Joe and Allen	32000	\N
359	192	2020-02-27		Adhere to weekly payment schedule to weavers	Virgin purchase order	Production, payments to weavers	Joe and Allen	32000	\N
395	209	2020-02-27		Negotiate and finalize purchase orders	Robb Vices purchase order	Raw materials expenditure	Joe and Allen	5000	\N
399	210	2020-02-27		Pay remaining balance to receive yarn	Robb Vices purchase order	Raw materials expenditure	Joe and Allen	5000	\N
441	235	2020-02-27		Pay 50% deposit to yarn company for cotton yarn	Robb Vices purchase order	Raw materials expenditure	Joe and Allen	5000	\N
446	235	2020-02-27		Pay remaining amount to yarn company cotton yarn	Robb Vices purchase order	Raw materials expenditure	Joe and Allen	5000	\N
450	238	2020-02-27		Adhere to weekly payment schedule to weavers	Robb Vices purchase order	Raw materials expenditure	Joe and Allen	5000	\N
482	257	2020-02-28		Pay deposit to get yarn into production	Robb Vices purchase order	Raw materials expenditure	Joe and Allen	5000	\N
486	257	2020-02-28		Pay remaining balance to receive yarn	Robb Vices purchase order	Raw materials expenditure	Joe and Allen	5000	\N
514	272	2020-02-28		Pay deposit to get yarn into production	Robb Vices purchase order	Raw materials expenditure	Joe and Allen	5000	\N
519	272	2020-02-28		Pay remaining balance to receive yarn	Robb Vices purchase order	Raw materials expenditure	Joe and Allen	5000	\N
524	279	2020-03-02		Adhere to weekly payment schedule to weavers	Virgin purchase order	Production, payments to weavers	Joe and Allen	32000	\N
114	71	2020-02-06		Adhere to weekly payment schedule to weavers	Virgin purchase order	Production, payments to weavers	Joe and Allen	32000	\N
134	81	2020-02-26		Adhere to weekly payment schedule to weavers	Virgin purchase order	Production, payments to weavers	Joe and Allen	32000	\N
138	81	2020-02-26		Adhere to weekly payment schedule to weavers	Virgin purchase order	Production, payments to weavers	Joe and Allen	32000	\N
174	99	2020-02-27		Negotiate and finalize purchase orders	Robb Vices purchase order	Raw materials expenditure	Joe and Allen	5000	\N
178	99	2020-02-27		Pay remaining amount to yarn company cotton yarn	Robb Vices purchase order	Raw materials expenditure	Joe and Allen	5000	\N
210	114	2020-02-27		Pay remaining amount to yarn company cotton yarn	Robb Vices purchase order	Raw materials expenditure	Joe and Allen	5000	\N
231	130	2020-02-27		Pay deposit to get yarn into production	Robb Vices purchase order	Raw materials expenditure	Joe and Allen	5000	\N
241	133	2020-02-27		Pay 50% deposit to yarn company for cotton yarn	Robb Vices purchase order	Raw materials expenditure	Joe and Allen	5000	\N
272	149	2020-02-27		Negotiate and finalize purchase orders	Robb Vices purchase order	Raw materials expenditure	Joe and Allen	5000	\N
276	149	2020-02-27		Pay remaining amount to yarn company cotton yarn	Robb Vices purchase order	Raw materials expenditure	Joe and Allen	5000	\N
298	158	2020-02-27		Pay remaining amount to yarn company cotton yarn	Robb Vices purchase order	Raw materials expenditure	Joe and Allen	5000	\N
334	182	2020-02-27		Adhere to weekly payment schedule to weavers	Virgin purchase order	Production, payments to weavers	Joe and Allen	32000	\N
355	189	2020-02-27		Negotiate and finalize purchase orders	Robb Vices purchase order	Raw materials expenditure	Joe and Allen	5000	\N
401	213	2020-02-27		Pay 50% deposit to yarn company for cotton yarn	Robb Vices purchase order	Raw materials expenditure	Joe and Allen	5000	\N
406	213	2020-02-27		Pay remaining amount to yarn company cotton yarn	Robb Vices purchase order	Raw materials expenditure	Joe and Allen	5000	\N
408	215	2020-02-27		Pay remaining balance to receive yarn	Robb Vices purchase order	Raw materials expenditure	Joe and Allen	5000	\N
442	236	2020-02-27		Negotiate and finalize purchase orders	Robb Vices purchase order	Raw materials expenditure	Joe and Allen	5000	\N
449	236	2020-02-27		Pay remaining amount to yarn company cotton yarn	Robb Vices purchase order	Raw materials expenditure	Joe and Allen	5000	\N
483	258	2020-02-28		Adhere to weekly payment schedule to weavers	Robb Vices purchase order	Raw materials expenditure	Joe and Allen	5000	\N
490	258	2020-02-28		Adhere to weekly payment schedule to weavers	Robb Vices purchase order	Raw materials expenditure	Joe and Allen	5000	\N
515	274	2020-02-28		Adhere to weekly payment schedule to weavers	Virgin purchase order	Production, payments to weavers	Joe and Allen	32000	\N
516	274	2020-02-28		Adhere to weekly payment schedule to weavers	Virgin purchase order	Production, payments to weavers	Joe and Allen	32000	\N
525	278	2020-03-02		Adhere to weekly payment schedule to weavers	Robb Vices purchase order	Raw materials expenditure	Joe and Allen	5000	\N
115	69	2020-02-06		Pay remaining balance to receive yarn	Robb Vices purchase order	Raw materials expenditure	Joe and Allen	5000	\N
140	82	2020-02-27		Pay 50% deposit to yarn company for cotton yarn	Robb Vices purchase order	Raw materials expenditure	Joe and Allen	5000	\N
145	82	2020-02-27		Pay remaining amount to yarn company cotton yarn	Robb Vices purchase order	Raw materials expenditure	Joe and Allen	5000	\N
149	85	2020-02-27		Adhere to weekly payment schedule to weavers	Robb Vices purchase order	Raw materials expenditure	Joe and Allen	5000	\N
175	101	2020-02-27		Adhere to weekly payment schedule to weavers	Robb Vices purchase order	Raw materials expenditure	Joe and Allen	5000	\N
211	118	2020-02-27		Pay 50% deposit to yarn company for cotton yarn	Robb Vices purchase order	Raw materials expenditure	Joe and Allen	5000	\N
232	132	2020-02-27		Adhere to weekly payment schedule to weavers	Virgin purchase order	Production, payments to weavers	Joe and Allen	32000	\N
249	136	2020-02-27		Adhere to weekly payment schedule to weavers	Robb Vices purchase order	Raw materials expenditure	Joe and Allen	5000	\N
273	152	2020-02-27		Adhere to weekly payment schedule to weavers	Virgin purchase order	Production, payments to weavers	Joe and Allen	32000	\N
278	152	2020-02-27		Adhere to weekly payment schedule to weavers	Virgin purchase order	Production, payments to weavers	Joe and Allen	32000	\N
299	162	2020-02-27		Adhere to weekly payment schedule to weavers	Virgin purchase order	Production, payments to weavers	Joe and Allen	32000	\N
335	181	2020-02-27		Adhere to weekly payment schedule to weavers	Robb Vices purchase order	Raw materials expenditure	Joe and Allen	5000	\N
361	193	2020-02-27		Pay 50% deposit to yarn company for cotton yarn	Robb Vices purchase order	Raw materials expenditure	Joe and Allen	5000	\N
368	193	2020-02-27		Pay remaining amount to yarn company cotton yarn	Robb Vices purchase order	Raw materials expenditure	Joe and Allen	5000	\N
402	214	2020-02-27		Negotiate and finalize purchase orders	Robb Vices purchase order	Raw materials expenditure	Joe and Allen	5000	\N
407	214	2020-02-27		Pay remaining amount to yarn company cotton yarn	Robb Vices purchase order	Raw materials expenditure	Joe and Allen	5000	\N
443	237	2020-02-27		Pay deposit to get yarn into production	Robb Vices purchase order	Raw materials expenditure	Joe and Allen	5000	\N
447	237	2020-02-27		Pay remaining balance to receive yarn	Robb Vices purchase order	Raw materials expenditure	Joe and Allen	5000	\N
484	256	2020-02-28		Negotiate and finalize purchase orders	Robb Vices purchase order	Raw materials expenditure	Joe and Allen	5000	\N
489	256	2020-02-28		Pay remaining amount to yarn company cotton yarn	Robb Vices purchase order	Raw materials expenditure	Joe and Allen	5000	\N
526	278	2020-03-02		Adhere to weekly payment schedule to weavers	Robb Vices purchase order	Raw materials expenditure	Joe and Allen	5000	\N
116	68	2020-02-06		Pay remaining amount to yarn company cotton yarn	Robb Vices purchase order	Raw materials expenditure	Joe and Allen	5000	\N
141	86	2020-02-27		Adhere to weekly payment schedule to weavers	Virgin purchase order	Production, payments to weavers	Joe and Allen	32000	\N
147	86	2020-02-27		Adhere to weekly payment schedule to weavers	Virgin purchase order	Production, payments to weavers	Joe and Allen	32000	\N
181	103	2020-02-27		Pay 50% deposit to yarn company for cotton yarn	Robb Vices purchase order	Raw materials expenditure	Joe and Allen	5000	\N
212	120	2020-02-27		Pay deposit to get yarn into production	Robb Vices purchase order	Raw materials expenditure	Joe and Allen	5000	\N
233	128	2020-02-27		Pay 50% deposit to yarn company for cotton yarn	Robb Vices purchase order	Raw materials expenditure	Joe and Allen	5000	\N
243	136	2020-02-27		Adhere to weekly payment schedule to weavers	Robb Vices purchase order	Raw materials expenditure	Joe and Allen	5000	\N
274	151	2020-02-27		Adhere to weekly payment schedule to weavers	Robb Vices purchase order	Raw materials expenditure	Joe and Allen	5000	\N
280	151	2020-02-27		Adhere to weekly payment schedule to weavers	Robb Vices purchase order	Raw materials expenditure	Joe and Allen	5000	\N
300	159	2020-02-27		Pay remaining amount to yarn company cotton yarn	Robb Vices purchase order	Raw materials expenditure	Joe and Allen	5000	\N
336	179	2020-02-27		Pay remaining amount to yarn company cotton yarn	Robb Vices purchase order	Raw materials expenditure	Joe and Allen	5000	\N
362	197	2020-02-27		Adhere to weekly payment schedule to weavers	Virgin purchase order	Production, payments to weavers	Joe and Allen	32000	\N
366	197	2020-02-27		Adhere to weekly payment schedule to weavers	Virgin purchase order	Production, payments to weavers	Joe and Allen	32000	\N
403	215	2020-02-27		Pay deposit to get yarn into production	Robb Vices purchase order	Raw materials expenditure	Joe and Allen	5000	\N
409	216	2020-02-27		Adhere to weekly payment schedule to weavers	Robb Vices purchase order	Raw materials expenditure	Joe and Allen	5000	\N
444	239	2020-02-27		Adhere to weekly payment schedule to weavers	Virgin purchase order	Production, payments to weavers	Joe and Allen	32000	\N
448	239	2020-02-27		Adhere to weekly payment schedule to weavers	Virgin purchase order	Production, payments to weavers	Joe and Allen	32000	\N
485	259	2020-02-28		Adhere to weekly payment schedule to weavers	Virgin purchase order	Production, payments to weavers	Joe and Allen	32000	\N
488	259	2020-02-28		Adhere to weekly payment schedule to weavers	Virgin purchase order	Production, payments to weavers	Joe and Allen	32000	\N
527	277	2020-03-02		Pay remaining balance to receive yarn	Robb Vices purchase order	Raw materials expenditure	Joe and Allen	5000	\N
117	70	2020-02-06		Adhere to weekly payment schedule to weavers	Robb Vices purchase order	Raw materials expenditure	Joe and Allen	5000	\N
142	83	2020-02-27		Negotiate and finalize purchase orders	Robb Vices purchase order	Raw materials expenditure	Joe and Allen	5000	\N
146	83	2020-02-27		Pay remaining amount to yarn company cotton yarn	Robb Vices purchase order	Raw materials expenditure	Joe and Allen	5000	\N
182	104	2020-02-27		Negotiate and finalize purchase orders	Robb Vices purchase order	Raw materials expenditure	Joe and Allen	5000	\N
213	121	2020-02-27		Adhere to weekly payment schedule to weavers	Robb Vices purchase order	Raw materials expenditure	Joe and Allen	5000	\N
234	131	2020-02-27		Adhere to weekly payment schedule to weavers	Robb Vices purchase order	Raw materials expenditure	Joe and Allen	5000	\N
242	135	2020-02-27		Pay deposit to get yarn into production	Robb Vices purchase order	Raw materials expenditure	Joe and Allen	5000	\N
275	150	2020-02-27		Pay deposit to get yarn into production	Robb Vices purchase order	Raw materials expenditure	Joe and Allen	5000	\N
277	150	2020-02-27		Pay remaining balance to receive yarn	Robb Vices purchase order	Raw materials expenditure	Joe and Allen	5000	\N
301	163	2020-02-27		Pay 50% deposit to yarn company for cotton yarn	Robb Vices purchase order	Raw materials expenditure	Joe and Allen	5000	\N
306	163	2020-02-27		Pay remaining amount to yarn company cotton yarn	Robb Vices purchase order	Raw materials expenditure	Joe and Allen	5000	\N
337	182	2020-02-27		Adhere to weekly payment schedule to weavers	Virgin purchase order	Production, payments to weavers	Joe and Allen	32000	\N
363	194	2020-02-27		Negotiate and finalize purchase orders	Robb Vices purchase order	Raw materials expenditure	Joe and Allen	5000	\N
367	194	2020-02-27		Pay remaining amount to yarn company cotton yarn	Robb Vices purchase order	Raw materials expenditure	Joe and Allen	5000	\N
404	217	2020-02-27		Adhere to weekly payment schedule to weavers	Virgin purchase order	Production, payments to weavers	Joe and Allen	32000	\N
445	238	2020-02-27		Adhere to weekly payment schedule to weavers	Robb Vices purchase order	Raw materials expenditure	Joe and Allen	5000	\N
491	260	2020-02-28		Pay 50% deposit to yarn company for cotton yarn	Robb Vices purchase order	Raw materials expenditure	Joe and Allen	5000	\N
496	260	2020-02-28		Pay remaining amount to yarn company cotton yarn	Robb Vices purchase order	Raw materials expenditure	Joe and Allen	5000	\N
499	262	2020-02-28		Pay remaining balance to receive yarn	Robb Vices purchase order	Raw materials expenditure	Joe and Allen	5000	\N
528	279	2020-03-02		Adhere to weekly payment schedule to weavers	Virgin purchase order	Production, payments to weavers	Joe and Allen	32000	\N
120	72	2020-02-07		Pay 50% deposit to yarn company for cotton yarn	Robb Vices purchase order	Raw materials expenditure	Joe and Allen	5000	\N
125	72	2020-02-07		Pay remaining amount to yarn company cotton yarn	Robb Vices purchase order	Raw materials expenditure	Joe and Allen	5000	\N
143	84	2020-02-27		Pay deposit to get yarn into production	Robb Vices purchase order	Raw materials expenditure	Joe and Allen	5000	\N
148	84	2020-02-27		Pay remaining balance to receive yarn	Robb Vices purchase order	Raw materials expenditure	Joe and Allen	5000	\N
183	107	2020-02-27		Adhere to weekly payment schedule to weavers	Virgin purchase order	Production, payments to weavers	Joe and Allen	32000	\N
214	119	2020-02-27		Negotiate and finalize purchase orders	Robb Vices purchase order	Raw materials expenditure	Joe and Allen	5000	\N
235	129	2020-02-27		Negotiate and finalize purchase orders	Robb Vices purchase order	Raw materials expenditure	Joe and Allen	5000	\N
244	137	2020-02-27		Adhere to weekly payment schedule to weavers	Virgin purchase order	Production, payments to weavers	Joe and Allen	32000	\N
281	153	2020-02-27		Pay 50% deposit to yarn company for cotton yarn	Robb Vices purchase order	Raw materials expenditure	Joe and Allen	5000	\N
302	166	2020-02-27		Adhere to weekly payment schedule to weavers	Robb Vices purchase order	Raw materials expenditure	Joe and Allen	5000	\N
307	166	2020-02-27		Adhere to weekly payment schedule to weavers	Robb Vices purchase order	Raw materials expenditure	Joe and Allen	5000	\N
338	178	2020-02-27		Pay remaining amount to yarn company cotton yarn	Robb Vices purchase order	Raw materials expenditure	Joe and Allen	5000	\N
364	196	2020-02-27		Adhere to weekly payment schedule to weavers	Robb Vices purchase order	Raw materials expenditure	Joe and Allen	5000	\N
370	196	2020-02-27		Adhere to weekly payment schedule to weavers	Robb Vices purchase order	Raw materials expenditure	Joe and Allen	5000	\N
405	216	2020-02-27		Adhere to weekly payment schedule to weavers	Robb Vices purchase order	Raw materials expenditure	Joe and Allen	5000	\N
410	217	2020-02-27		Adhere to weekly payment schedule to weavers	Virgin purchase order	Production, payments to weavers	Joe and Allen	32000	\N
451	240	2020-02-28		Pay 50% deposit to yarn company for cotton yarn	Robb Vices purchase order	Raw materials expenditure	Joe and Allen	5000	\N
456	240	2020-02-28		Pay remaining amount to yarn company cotton yarn	Robb Vices purchase order	Raw materials expenditure	Joe and Allen	5000	\N
459	242	2020-02-28		Pay remaining balance to receive yarn	Robb Vices purchase order	Raw materials expenditure	Joe and Allen	5000	\N
492	261	2020-02-28		Negotiate and finalize purchase orders	Robb Vices purchase order	Raw materials expenditure	Joe and Allen	5000	\N
529	276	2020-03-02		Pay remaining amount to yarn company cotton yarn	Robb Vices purchase order	Raw materials expenditure	Joe and Allen	5000	\N
121	73	2020-02-07		Negotiate and finalize purchase orders	Robb Vices purchase order	Raw materials expenditure	Joe and Allen	5000	\N
126	73	2020-02-07		Pay remaining amount to yarn company cotton yarn	Robb Vices purchase order	Raw materials expenditure	Joe and Allen	5000	\N
144	85	2020-02-27		Adhere to weekly payment schedule to weavers	Robb Vices purchase order	Raw materials expenditure	Joe and Allen	5000	\N
184	106	2020-02-27		Adhere to weekly payment schedule to weavers	Robb Vices purchase order	Raw materials expenditure	Joe and Allen	5000	\N
215	122	2020-02-27		Adhere to weekly payment schedule to weavers	Virgin purchase order	Production, payments to weavers	Joe and Allen	32000	\N
236	130	2020-02-27		Pay remaining balance to receive yarn	Robb Vices purchase order	Raw materials expenditure	Joe and Allen	5000	\N
245	134	2020-02-27		Negotiate and finalize purchase orders	Robb Vices purchase order	Raw materials expenditure	Joe and Allen	5000	\N
282	156	2020-02-27		Adhere to weekly payment schedule to weavers	Robb Vices purchase order	Raw materials expenditure	Joe and Allen	5000	\N
303	165	2020-02-27		Pay deposit to get yarn into production	Robb Vices purchase order	Raw materials expenditure	Joe and Allen	5000	\N
308	165	2020-02-27		Pay remaining balance to receive yarn	Robb Vices purchase order	Raw materials expenditure	Joe and Allen	5000	\N
339	180	2020-02-27		Pay remaining balance to receive yarn	Robb Vices purchase order	Raw materials expenditure	Joe and Allen	5000	\N
365	195	2020-02-27		Pay deposit to get yarn into production	Robb Vices purchase order	Raw materials expenditure	Joe and Allen	5000	\N
369	195	2020-02-27		Pay remaining balance to receive yarn	Robb Vices purchase order	Raw materials expenditure	Joe and Allen	5000	\N
411	218	2020-02-27		Pay 50% deposit to yarn company for cotton yarn	Robb Vices purchase order	Raw materials expenditure	Joe and Allen	5000	\N
416	218	2020-02-27		Pay remaining amount to yarn company cotton yarn	Robb Vices purchase order	Raw materials expenditure	Joe and Allen	5000	\N
419	222	2020-02-27		Adhere to weekly payment schedule to weavers	Virgin purchase order	Production, payments to weavers	Joe and Allen	32000	\N
452	243	2020-02-28		Adhere to weekly payment schedule to weavers	Robb Vices purchase order	Raw materials expenditure	Joe and Allen	5000	\N
458	243	2020-02-28		Adhere to weekly payment schedule to weavers	Robb Vices purchase order	Raw materials expenditure	Joe and Allen	5000	\N
493	262	2020-02-28		Pay deposit to get yarn into production	Robb Vices purchase order	Raw materials expenditure	Joe and Allen	5000	\N
500	261	2020-02-28		Pay remaining amount to yarn company cotton yarn	Robb Vices purchase order	Raw materials expenditure	Joe and Allen	5000	\N
530	275	2020-03-02		Pay remaining amount to yarn company cotton yarn	Robb Vices purchase order	Raw materials expenditure	Joe and Allen	5000	\N
122	76	2020-02-07		Adhere to weekly payment schedule to weavers	Virgin purchase order	Production, payments to weavers	Joe and Allen	32000	\N
128	76	2020-02-07		Adhere to weekly payment schedule to weavers	Virgin purchase order	Production, payments to weavers	Joe and Allen	32000	\N
150	87	2020-02-27		Pay 50% deposit to yarn company for cotton yarn	Robb Vices purchase order	Raw materials expenditure	Joe and Allen	5000	\N
159	87	2020-02-27		Pay remaining amount to yarn company cotton yarn	Robb Vices purchase order	Raw materials expenditure	Joe and Allen	5000	\N
185	105	2020-02-27		Pay deposit to get yarn into production	Robb Vices purchase order	Raw materials expenditure	Joe and Allen	5000	\N
216	118	2020-02-27		Pay remaining amount to yarn company cotton yarn	Robb Vices purchase order	Raw materials expenditure	Joe and Allen	5000	\N
237	132	2020-02-27		Adhere to weekly payment schedule to weavers	Virgin purchase order	Production, payments to weavers	Joe and Allen	32000	\N
246	133	2020-02-27		Pay remaining amount to yarn company cotton yarn	Robb Vices purchase order	Raw materials expenditure	Joe and Allen	5000	\N
283	154	2020-02-27		Negotiate and finalize purchase orders	Robb Vices purchase order	Raw materials expenditure	Joe and Allen	5000	\N
304	167	2020-02-27		Adhere to weekly payment schedule to weavers	Virgin purchase order	Production, payments to weavers	Joe and Allen	32000	\N
310	167	2020-02-27		Adhere to weekly payment schedule to weavers	Virgin purchase order	Production, payments to weavers	Joe and Allen	32000	\N
340	181	2020-02-27		Adhere to weekly payment schedule to weavers	Robb Vices purchase order	Raw materials expenditure	Joe and Allen	5000	\N
371	198	2020-02-27		Pay 50% deposit to yarn company for cotton yarn	Robb Vices purchase order	Raw materials expenditure	Joe and Allen	5000	\N
379	198	2020-02-27		Pay remaining amount to yarn company cotton yarn	Robb Vices purchase order	Raw materials expenditure	Joe and Allen	5000	\N
412	219	2020-02-27		Negotiate and finalize purchase orders	Robb Vices purchase order	Raw materials expenditure	Joe and Allen	5000	\N
417	219	2020-02-27		Pay remaining amount to yarn company cotton yarn	Robb Vices purchase order	Raw materials expenditure	Joe and Allen	5000	\N
453	241	2020-02-28		Negotiate and finalize purchase orders	Robb Vices purchase order	Raw materials expenditure	Joe and Allen	5000	\N
457	241	2020-02-28		Pay remaining amount to yarn company cotton yarn	Robb Vices purchase order	Raw materials expenditure	Joe and Allen	5000	\N
494	264	2020-02-28		Adhere to weekly payment schedule to weavers	Virgin purchase order	Production, payments to weavers	Joe and Allen	32000	\N
497	264	2020-02-28		Adhere to weekly payment schedule to weavers	Virgin purchase order	Production, payments to weavers	Joe and Allen	32000	\N
531	280	2020-03-05		This is the first task of the first milestone	RevCri	Cate	KeyPe	11	115
532	280	2020-03-05		Second	CritRe	Go	PerKe	5	115
123	74	2020-02-07		Pay deposit to get yarn into production	Robb Vices purchase order	Raw materials expenditure	Joe and Allen	5000	\N
129	74	2020-02-07		Pay remaining balance to receive yarn	Robb Vices purchase order	Raw materials expenditure	Joe and Allen	5000	\N
151	89	2020-02-27		Pay deposit to get yarn into production	Robb Vices purchase order	Raw materials expenditure	Joe and Allen	5000	\N
156	89	2020-02-27		Pay remaining balance to receive yarn	Robb Vices purchase order	Raw materials expenditure	Joe and Allen	5000	\N
186	103	2020-02-27		Pay remaining amount to yarn company cotton yarn	Robb Vices purchase order	Raw materials expenditure	Joe and Allen	5000	\N
217	122	2020-02-27		Adhere to weekly payment schedule to weavers	Virgin purchase order	Production, payments to weavers	Joe and Allen	32000	\N
238	131	2020-02-27		Adhere to weekly payment schedule to weavers	Robb Vices purchase order	Raw materials expenditure	Joe and Allen	5000	\N
250	134	2020-02-27		Pay remaining amount to yarn company cotton yarn	Robb Vices purchase order	Raw materials expenditure	Joe and Allen	5000	\N
284	155	2020-02-27		Pay deposit to get yarn into production	Robb Vices purchase order	Raw materials expenditure	Joe and Allen	5000	\N
305	164	2020-02-27		Negotiate and finalize purchase orders	Robb Vices purchase order	Raw materials expenditure	Joe and Allen	5000	\N
309	164	2020-02-27		Pay remaining amount to yarn company cotton yarn	Robb Vices purchase order	Raw materials expenditure	Joe and Allen	5000	\N
341	183	2020-02-27		Pay 50% deposit to yarn company for cotton yarn	Robb Vices purchase order	Raw materials expenditure	Joe and Allen	5000	\N
372	202	2020-02-27		Adhere to weekly payment schedule to weavers	Virgin purchase order	Production, payments to weavers	Joe and Allen	32000	\N
376	202	2020-02-27		Adhere to weekly payment schedule to weavers	Virgin purchase order	Production, payments to weavers	Joe and Allen	32000	\N
413	222	2020-02-27		Adhere to weekly payment schedule to weavers	Virgin purchase order	Production, payments to weavers	Joe and Allen	32000	\N
420	221	2020-02-27		Adhere to weekly payment schedule to weavers	Robb Vices purchase order	Raw materials expenditure	Joe and Allen	5000	\N
454	244	2020-02-28		Adhere to weekly payment schedule to weavers	Virgin purchase order	Production, payments to weavers	Joe and Allen	32000	\N
495	263	2020-02-28		Adhere to weekly payment schedule to weavers	Robb Vices purchase order	Raw materials expenditure	Joe and Allen	5000	\N
498	263	2020-02-28		Adhere to weekly payment schedule to weavers	Robb Vices purchase order	Raw materials expenditure	Joe and Allen	5000	\N
533	281	2020-03-05		Only Task	TerEw	Ry	KeyNnel	4	115
124	75	2020-02-07		Adhere to weekly payment schedule to weavers	Robb Vices purchase order	Raw materials expenditure	Joe and Allen	5000	\N
127	75	2020-02-07		Adhere to weekly payment schedule to weavers	Robb Vices purchase order	Raw materials expenditure	Joe and Allen	5000	\N
152	88	2020-02-27		Negotiate and finalize purchase orders	Robb Vices purchase order	Raw materials expenditure	Joe and Allen	5000	\N
158	88	2020-02-27		Pay remaining amount to yarn company cotton yarn	Robb Vices purchase order	Raw materials expenditure	Joe and Allen	5000	\N
187	104	2020-02-27		Pay remaining amount to yarn company cotton yarn	Robb Vices purchase order	Raw materials expenditure	Joe and Allen	5000	\N
218	121	2020-02-27		Adhere to weekly payment schedule to weavers	Robb Vices purchase order	Raw materials expenditure	Joe and Allen	5000	\N
239	128	2020-02-27		Pay remaining amount to yarn company cotton yarn	Robb Vices purchase order	Raw materials expenditure	Joe and Allen	5000	\N
247	137	2020-02-27		Adhere to weekly payment schedule to weavers	Virgin purchase order	Production, payments to weavers	Joe and Allen	32000	\N
285	157	2020-02-27		Adhere to weekly payment schedule to weavers	Virgin purchase order	Production, payments to weavers	Joe and Allen	32000	\N
311	168	2020-02-27		Pay 50% deposit to yarn company for cotton yarn	Robb Vices purchase order	Raw materials expenditure	Joe and Allen	5000	\N
318	168	2020-02-27		Pay remaining amount to yarn company cotton yarn	Robb Vices purchase order	Raw materials expenditure	Joe and Allen	5000	\N
342	185	2020-02-27		Pay deposit to get yarn into production	Robb Vices purchase order	Raw materials expenditure	Joe and Allen	5000	\N
373	200	2020-02-27		Pay deposit to get yarn into production	Robb Vices purchase order	Raw materials expenditure	Joe and Allen	5000	\N
377	200	2020-02-27		Pay remaining balance to receive yarn	Robb Vices purchase order	Raw materials expenditure	Joe and Allen	5000	\N
414	220	2020-02-27		Pay deposit to get yarn into production	Robb Vices purchase order	Raw materials expenditure	Joe and Allen	5000	\N
418	220	2020-02-27		Pay remaining balance to receive yarn	Robb Vices purchase order	Raw materials expenditure	Joe and Allen	5000	\N
455	242	2020-02-28		Pay deposit to get yarn into production	Robb Vices purchase order	Raw materials expenditure	Joe and Allen	5000	\N
460	244	2020-02-28		Adhere to weekly payment schedule to weavers	Virgin purchase order	Production, payments to weavers	Joe and Allen	32000	\N
501	265	2020-02-28		Pay 50% deposit to yarn company for cotton yarn	Robb Vices purchase order	Raw materials expenditure	Joe and Allen	5000	\N
504	265	2020-02-28		Pay remaining amount to yarn company cotton yarn	Robb Vices purchase order	Raw materials expenditure	Joe and Allen	5000	\N
153	90	2020-02-27		Adhere to weekly payment schedule to weavers	Robb Vices purchase order	Raw materials expenditure	Joe and Allen	5000	\N
157	90	2020-02-27		Adhere to weekly payment schedule to weavers	Robb Vices purchase order	Raw materials expenditure	Joe and Allen	5000	\N
188	105	2020-02-27		Pay remaining balance to receive yarn	Robb Vices purchase order	Raw materials expenditure	Joe and Allen	5000	\N
219	119	2020-02-27		Pay remaining amount to yarn company cotton yarn	Robb Vices purchase order	Raw materials expenditure	Joe and Allen	5000	\N
240	129	2020-02-27		Pay remaining amount to yarn company cotton yarn	Robb Vices purchase order	Raw materials expenditure	Joe and Allen	5000	\N
248	135	2020-02-27		Pay remaining balance to receive yarn	Robb Vices purchase order	Raw materials expenditure	Joe and Allen	5000	\N
286	153	2020-02-27		Pay remaining amount to yarn company cotton yarn	Robb Vices purchase order	Raw materials expenditure	Joe and Allen	5000	\N
312	172	2020-02-27		Adhere to weekly payment schedule to weavers	Virgin purchase order	Production, payments to weavers	Joe and Allen	32000	\N
316	172	2020-02-27		Adhere to weekly payment schedule to weavers	Virgin purchase order	Production, payments to weavers	Joe and Allen	32000	\N
343	184	2020-02-27		Negotiate and finalize purchase orders	Robb Vices purchase order	Raw materials expenditure	Joe and Allen	5000	\N
374	199	2020-02-27		Negotiate and finalize purchase orders	Robb Vices purchase order	Raw materials expenditure	Joe and Allen	5000	\N
378	199	2020-02-27		Pay remaining amount to yarn company cotton yarn	Robb Vices purchase order	Raw materials expenditure	Joe and Allen	5000	\N
415	221	2020-02-27		Adhere to weekly payment schedule to weavers	Robb Vices purchase order	Raw materials expenditure	Joe and Allen	5000	\N
461	245	2020-02-28		Pay 50% deposit to yarn company for cotton yarn	Robb Vices purchase order	Raw materials expenditure	Joe and Allen	5000	\N
466	245	2020-02-28		Pay remaining amount to yarn company cotton yarn	Robb Vices purchase order	Raw materials expenditure	Joe and Allen	5000	\N
475	253	2020-02-28		Adhere to weekly payment schedule to weavers	Robb Vices purchase order	Raw materials expenditure	Joe and Allen	5000	\N
502	267	2020-02-28		Pay deposit to get yarn into production	Robb Vices purchase order	Raw materials expenditure	Joe and Allen	5000	\N
507	267	2020-02-28		Pay remaining balance to receive yarn	Robb Vices purchase order	Raw materials expenditure	Joe and Allen	5000	\N
509	269	2020-02-28		Adhere to weekly payment schedule to weavers	Virgin purchase order	Production, payments to weavers	Joe and Allen	32000	\N
154	91	2020-02-27		Adhere to weekly payment schedule to weavers	Virgin purchase order	Production, payments to weavers	Joe and Allen	32000	\N
155	91	2020-02-27		Adhere to weekly payment schedule to weavers	Virgin purchase order	Production, payments to weavers	Joe and Allen	32000	\N
189	106	2020-02-27		Adhere to weekly payment schedule to weavers	Robb Vices purchase order	Raw materials expenditure	Joe and Allen	5000	\N
220	120	2020-02-27		Pay remaining balance to receive yarn	Robb Vices purchase order	Raw materials expenditure	Joe and Allen	5000	\N
251	138	2020-02-27		Pay 50% deposit to yarn company for cotton yarn	Robb Vices purchase order	Raw materials expenditure	Joe and Allen	5000	\N
257	138	2020-02-27		Pay remaining amount to yarn company cotton yarn	Robb Vices purchase order	Raw materials expenditure	Joe and Allen	5000	\N
287	154	2020-02-27		Pay remaining amount to yarn company cotton yarn	Robb Vices purchase order	Raw materials expenditure	Joe and Allen	5000	\N
313	171	2020-02-27		Adhere to weekly payment schedule to weavers	Robb Vices purchase order	Raw materials expenditure	Joe and Allen	5000	\N
320	171	2020-02-27		Adhere to weekly payment schedule to weavers	Robb Vices purchase order	Raw materials expenditure	Joe and Allen	5000	\N
344	187	2020-02-27		Adhere to weekly payment schedule to weavers	Virgin purchase order	Production, payments to weavers	Joe and Allen	32000	\N
375	201	2020-02-27		Adhere to weekly payment schedule to weavers	Robb Vices purchase order	Raw materials expenditure	Joe and Allen	5000	\N
380	201	2020-02-27		Adhere to weekly payment schedule to weavers	Robb Vices purchase order	Raw materials expenditure	Joe and Allen	5000	\N
421	224	2020-02-27		Pay 50% deposit to yarn company for cotton yarn	Robb Vices purchase order	Raw materials expenditure	Joe and Allen	5000	\N
426	224	2020-02-27		Pay remaining amount to yarn company cotton yarn	Robb Vices purchase order	Raw materials expenditure	Joe and Allen	5000	\N
429	226	2020-02-27		Pay remaining balance to receive yarn	Robb Vices purchase order	Raw materials expenditure	Joe and Allen	5000	\N
462	248	2020-02-28		Adhere to weekly payment schedule to weavers	Robb Vices purchase order	Raw materials expenditure	Joe and Allen	5000	\N
467	248	2020-02-28		Adhere to weekly payment schedule to weavers	Robb Vices purchase order	Raw materials expenditure	Joe and Allen	5000	\N
470	246	2020-02-28		Pay remaining amount to yarn company cotton yarn	Robb Vices purchase order	Raw materials expenditure	Joe and Allen	5000	\N
474	254	2020-02-28		Adhere to weekly payment schedule to weavers	Virgin purchase order	Production, payments to weavers	Joe and Allen	32000	\N
503	266	2020-02-28		Negotiate and finalize purchase orders	Robb Vices purchase order	Raw materials expenditure	Joe and Allen	5000	\N
508	266	2020-02-28		Pay remaining amount to yarn company cotton yarn	Robb Vices purchase order	Raw materials expenditure	Joe and Allen	5000	\N
160	92	2020-02-27		Pay 50% deposit to yarn company for cotton yarn	Robb Vices purchase order	Raw materials expenditure	Joe and Allen	5000	\N
167	95	2020-02-27		Adhere to weekly payment schedule to weavers	Robb Vices purchase order	Raw materials expenditure	Joe and Allen	5000	\N
190	107	2020-02-27		Adhere to weekly payment schedule to weavers	Virgin purchase order	Production, payments to weavers	Joe and Allen	32000	\N
221	125	2020-02-27		Pay deposit to get yarn into production	Robb Vices purchase order	Raw materials expenditure	Joe and Allen	5000	\N
252	139	2020-02-27		Negotiate and finalize purchase orders	Robb Vices purchase order	Raw materials expenditure	Joe and Allen	5000	\N
256	139	2020-02-27		Pay remaining amount to yarn company cotton yarn	Robb Vices purchase order	Raw materials expenditure	Joe and Allen	5000	\N
288	155	2020-02-27		Pay remaining balance to receive yarn	Robb Vices purchase order	Raw materials expenditure	Joe and Allen	5000	\N
314	169	2020-02-27		Negotiate and finalize purchase orders	Robb Vices purchase order	Raw materials expenditure	Joe and Allen	5000	\N
319	169	2020-02-27		Pay remaining amount to yarn company cotton yarn	Robb Vices purchase order	Raw materials expenditure	Joe and Allen	5000	\N
345	186	2020-02-27		Adhere to weekly payment schedule to weavers	Robb Vices purchase order	Raw materials expenditure	Joe and Allen	5000	\N
381	203	2020-02-27		Pay 50% deposit to yarn company for cotton yarn	Robb Vices purchase order	Raw materials expenditure	Joe and Allen	5000	\N
386	203	2020-02-27		Pay remaining amount to yarn company cotton yarn	Robb Vices purchase order	Raw materials expenditure	Joe and Allen	5000	\N
422	225	2020-02-27		Negotiate and finalize purchase orders	Robb Vices purchase order	Raw materials expenditure	Joe and Allen	5000	\N
427	225	2020-02-27		Pay remaining amount to yarn company cotton yarn	Robb Vices purchase order	Raw materials expenditure	Joe and Allen	5000	\N
430	228	2020-02-27		Adhere to weekly payment schedule to weavers	Virgin purchase order	Production, payments to weavers	Joe and Allen	32000	\N
463	249	2020-02-28		Adhere to weekly payment schedule to weavers	Virgin purchase order	Production, payments to weavers	Joe and Allen	32000	\N
468	249	2020-02-28		Adhere to weekly payment schedule to weavers	Virgin purchase order	Production, payments to weavers	Joe and Allen	32000	\N
478	252	2020-02-28		Pay remaining balance to receive yarn	Robb Vices purchase order	Raw materials expenditure	Joe and Allen	5000	\N
505	269	2020-02-28		Adhere to weekly payment schedule to weavers	Virgin purchase order	Production, payments to weavers	Joe and Allen	32000	\N
510	268	2020-02-28		Adhere to weekly payment schedule to weavers	Robb Vices purchase order	Raw materials expenditure	Joe and Allen	5000	\N
161	93	2020-02-27		Negotiate and finalize purchase orders	Robb Vices purchase order	Raw materials expenditure	Joe and Allen	5000	\N
168	96	2020-02-27		Adhere to weekly payment schedule to weavers	Virgin purchase order	Production, payments to weavers	Joe and Allen	32000	\N
170	92	2020-02-27		Hellos	123	KKK	lE	1235	\N
191	108	2020-02-27		Pay 50% deposit to yarn company for cotton yarn	Robb Vices purchase order	Raw materials expenditure	Joe and Allen	5000	\N
196	108	2020-02-27		Pay remaining amount to yarn company cotton yarn	Robb Vices purchase order	Raw materials expenditure	Joe and Allen	5000	\N
209	116	2020-02-27		Adhere to weekly payment schedule to weavers	Robb Vices purchase order	Raw materials expenditure	Joe and Allen	5000	\N
222	123	2020-02-27		Pay 50% deposit to yarn company for cotton yarn	Robb Vices purchase order	Raw materials expenditure	Joe and Allen	5000	\N
253	142	2020-02-27		Adhere to weekly payment schedule to weavers	Virgin purchase order	Production, payments to weavers	Joe and Allen	32000	\N
260	142	2020-02-27		Adhere to weekly payment schedule to weavers	Virgin purchase order	Production, payments to weavers	Joe and Allen	32000	\N
289	157	2020-02-27		Adhere to weekly payment schedule to weavers	Virgin purchase order	Production, payments to weavers	Joe and Allen	32000	\N
315	170	2020-02-27		Pay deposit to get yarn into production	Robb Vices purchase order	Raw materials expenditure	Joe and Allen	5000	\N
317	170	2020-02-27		Pay remaining balance to receive yarn	Robb Vices purchase order	Raw materials expenditure	Joe and Allen	5000	\N
346	183	2020-02-27		Pay remaining amount to yarn company cotton yarn	Robb Vices purchase order	Raw materials expenditure	Joe and Allen	5000	\N
382	206	2020-02-27		Adhere to weekly payment schedule to weavers	Robb Vices purchase order	Raw materials expenditure	Joe and Allen	5000	\N
388	206	2020-02-27		Adhere to weekly payment schedule to weavers	Robb Vices purchase order	Raw materials expenditure	Joe and Allen	5000	\N
423	226	2020-02-27		Pay deposit to get yarn into production	Robb Vices purchase order	Raw materials expenditure	Joe and Allen	5000	\N
464	247	2020-02-28		Pay deposit to get yarn into production	Robb Vices purchase order	Raw materials expenditure	Joe and Allen	5000	\N
469	247	2020-02-28		Pay remaining balance to receive yarn	Robb Vices purchase order	Raw materials expenditure	Joe and Allen	5000	\N
477	251	2020-02-28		Pay remaining amount to yarn company cotton yarn	Robb Vices purchase order	Raw materials expenditure	Joe and Allen	5000	\N
506	268	2020-02-28		Adhere to weekly payment schedule to weavers	Robb Vices purchase order	Raw materials expenditure	Joe and Allen	5000	\N
162	95	2020-02-27		Adhere to weekly payment schedule to weavers	Robb Vices purchase order	Raw materials expenditure	Joe and Allen	5000	\N
192	110	2020-02-27		Pay deposit to get yarn into production	Robb Vices purchase order	Raw materials expenditure	Joe and Allen	5000	\N
197	110	2020-02-27		Pay remaining balance to receive yarn	Robb Vices purchase order	Raw materials expenditure	Joe and Allen	5000	\N
207	117	2020-02-27		Adhere to weekly payment schedule to weavers	Virgin purchase order	Production, payments to weavers	Joe and Allen	32000	\N
223	127	2020-02-27		Adhere to weekly payment schedule to weavers	Virgin purchase order	Production, payments to weavers	Joe and Allen	32000	\N
254	140	2020-02-27		Pay deposit to get yarn into production	Robb Vices purchase order	Raw materials expenditure	Joe and Allen	5000	\N
259	140	2020-02-27		Pay remaining balance to receive yarn	Robb Vices purchase order	Raw materials expenditure	Joe and Allen	5000	\N
290	156	2020-02-27		Adhere to weekly payment schedule to weavers	Robb Vices purchase order	Raw materials expenditure	Joe and Allen	5000	\N
321	173	2020-02-27		Pay 50% deposit to yarn company for cotton yarn	Robb Vices purchase order	Raw materials expenditure	Joe and Allen	5000	\N
326	173	2020-02-27		Pay remaining amount to yarn company cotton yarn	Robb Vices purchase order	Raw materials expenditure	Joe and Allen	5000	\N
347	184	2020-02-27		Pay remaining amount to yarn company cotton yarn	Robb Vices purchase order	Raw materials expenditure	Joe and Allen	5000	\N
383	207	2020-02-27		Adhere to weekly payment schedule to weavers	Virgin purchase order	Production, payments to weavers	Joe and Allen	32000	\N
387	207	2020-02-27		Adhere to weekly payment schedule to weavers	Virgin purchase order	Production, payments to weavers	Joe and Allen	32000	\N
424	227	2020-02-27		Adhere to weekly payment schedule to weavers	Robb Vices purchase order	Raw materials expenditure	Joe and Allen	5000	\N
428	227	2020-02-27		Adhere to weekly payment schedule to weavers	Robb Vices purchase order	Raw materials expenditure	Joe and Allen	5000	\N
465	246	2020-02-28		Negotiate and finalize purchase orders	Robb Vices purchase order	Raw materials expenditure	Joe and Allen	5000	\N
476	250	2020-02-28		Pay remaining amount to yarn company cotton yarn	Robb Vices purchase order	Raw materials expenditure	Joe and Allen	5000	\N
163	94	2020-02-27		Pay deposit to get yarn into production	Robb Vices purchase order	Raw materials expenditure	Joe and Allen	5000	\N
193	109	2020-02-27		Negotiate and finalize purchase orders	Robb Vices purchase order	Raw materials expenditure	Joe and Allen	5000	\N
198	109	2020-02-27		Pay remaining amount to yarn company cotton yarn	Robb Vices purchase order	Raw materials expenditure	Joe and Allen	5000	\N
202	117	2020-02-27		Adhere to weekly payment schedule to weavers	Virgin purchase order	Production, payments to weavers	Joe and Allen	32000	\N
224	126	2020-02-27		Adhere to weekly payment schedule to weavers	Robb Vices purchase order	Raw materials expenditure	Joe and Allen	5000	\N
255	141	2020-02-27		Adhere to weekly payment schedule to weavers	Robb Vices purchase order	Raw materials expenditure	Joe and Allen	5000	\N
258	141	2020-02-27		Adhere to weekly payment schedule to weavers	Robb Vices purchase order	Raw materials expenditure	Joe and Allen	5000	\N
291	158	2020-02-27		Pay 50% deposit to yarn company for cotton yarn	Robb Vices purchase order	Raw materials expenditure	Joe and Allen	5000	\N
322	176	2020-02-27		Adhere to weekly payment schedule to weavers	Robb Vices purchase order	Raw materials expenditure	Joe and Allen	5000	\N
327	176	2020-02-27		Adhere to weekly payment schedule to weavers	Robb Vices purchase order	Raw materials expenditure	Joe and Allen	5000	\N
348	187	2020-02-27		Adhere to weekly payment schedule to weavers	Virgin purchase order	Production, payments to weavers	Joe and Allen	32000	\N
384	205	2020-02-27		Pay deposit to get yarn into production	Robb Vices purchase order	Raw materials expenditure	Joe and Allen	5000	\N
389	205	2020-02-27		Pay remaining balance to receive yarn	Robb Vices purchase order	Raw materials expenditure	Joe and Allen	5000	\N
425	228	2020-02-27		Adhere to weekly payment schedule to weavers	Virgin purchase order	Production, payments to weavers	Joe and Allen	32000	\N
471	250	2020-02-28		Pay 50% deposit to yarn company for cotton yarn	Robb Vices purchase order	Raw materials expenditure	Joe and Allen	5000	\N
164	96	2020-02-27		Adhere to weekly payment schedule to weavers	Virgin purchase order	Production, payments to weavers	Joe and Allen	32000	\N
194	112	2020-02-27		Adhere to weekly payment schedule to weavers	Virgin purchase order	Production, payments to weavers	Joe and Allen	32000	\N
199	112	2020-02-27		Adhere to weekly payment schedule to weavers	Virgin purchase order	Production, payments to weavers	Joe and Allen	32000	\N
208	115	2020-02-27		Pay remaining balance to receive yarn	Robb Vices purchase order	Raw materials expenditure	Joe and Allen	5000	\N
225	124	2020-02-27		Negotiate and finalize purchase orders	Robb Vices purchase order	Raw materials expenditure	Joe and Allen	5000	\N
261	143	2020-02-27		Pay 50% deposit to yarn company for cotton yarn	Robb Vices purchase order	Raw materials expenditure	Joe and Allen	5000	\N
269	143	2020-02-27		Pay remaining amount to yarn company cotton yarn	Robb Vices purchase order	Raw materials expenditure	Joe and Allen	5000	\N
292	160	2020-02-27		Pay deposit to get yarn into production	Robb Vices purchase order	Raw materials expenditure	Joe and Allen	5000	\N
323	177	2020-02-27		Adhere to weekly payment schedule to weavers	Virgin purchase order	Production, payments to weavers	Joe and Allen	32000	\N
328	177	2020-02-27		Adhere to weekly payment schedule to weavers	Virgin purchase order	Production, payments to weavers	Joe and Allen	32000	\N
349	186	2020-02-27		Adhere to weekly payment schedule to weavers	Robb Vices purchase order	Raw materials expenditure	Joe and Allen	5000	\N
385	204	2020-02-27		Negotiate and finalize purchase orders	Robb Vices purchase order	Raw materials expenditure	Joe and Allen	5000	\N
390	204	2020-02-27		Pay remaining amount to yarn company cotton yarn	Robb Vices purchase order	Raw materials expenditure	Joe and Allen	5000	\N
431	229	2020-02-27		Pay 50% deposit to yarn company for cotton yarn	Robb Vices purchase order	Raw materials expenditure	Joe and Allen	5000	\N
437	229	2020-02-27		Pay remaining amount to yarn company cotton yarn	Robb Vices purchase order	Raw materials expenditure	Joe and Allen	5000	\N
472	251	2020-02-28		Negotiate and finalize purchase orders	Robb Vices purchase order	Raw materials expenditure	Joe and Allen	5000	\N
169	94	2020-02-27		Pay remaining balance to receive yarn	Robb Vices purchase order	Raw materials expenditure	Joe and Allen	5000	\N
195	111	2020-02-27		Adhere to weekly payment schedule to weavers	Robb Vices purchase order	Raw materials expenditure	Joe and Allen	5000	\N
200	111	2020-02-27		Adhere to weekly payment schedule to weavers	Robb Vices purchase order	Raw materials expenditure	Joe and Allen	5000	\N
201	113	2020-02-27		Pay 50% deposit to yarn company for cotton yarn	Robb Vices purchase order	Raw materials expenditure	Joe and Allen	5000	\N
226	125	2020-02-27		Pay remaining balance to receive yarn	Robb Vices purchase order	Raw materials expenditure	Joe and Allen	5000	\N
262	145	2020-02-27		Pay deposit to get yarn into production	Robb Vices purchase order	Raw materials expenditure	Joe and Allen	5000	\N
266	145	2020-02-27		Pay remaining balance to receive yarn	Robb Vices purchase order	Raw materials expenditure	Joe and Allen	5000	\N
293	161	2020-02-27		Adhere to weekly payment schedule to weavers	Robb Vices purchase order	Raw materials expenditure	Joe and Allen	5000	\N
324	175	2020-02-27		Pay deposit to get yarn into production	Robb Vices purchase order	Raw materials expenditure	Joe and Allen	5000	\N
329	175	2020-02-27		Pay remaining balance to receive yarn	Robb Vices purchase order	Raw materials expenditure	Joe and Allen	5000	\N
350	185	2020-02-27		Pay remaining balance to receive yarn	Robb Vices purchase order	Raw materials expenditure	Joe and Allen	5000	\N
391	208	2020-02-27		Pay 50% deposit to yarn company for cotton yarn	Robb Vices purchase order	Raw materials expenditure	Joe and Allen	5000	\N
396	208	2020-02-27		Pay remaining amount to yarn company cotton yarn	Robb Vices purchase order	Raw materials expenditure	Joe and Allen	5000	\N
398	209	2020-02-27		Pay remaining amount to yarn company cotton yarn	Robb Vices purchase order	Raw materials expenditure	Joe and Allen	5000	\N
432	233	2020-02-27		Adhere to weekly payment schedule to weavers	Virgin purchase order	Production, payments to weavers	Joe and Allen	32000	\N
436	233	2020-02-27		Adhere to weekly payment schedule to weavers	Virgin purchase order	Production, payments to weavers	Joe and Allen	32000	\N
440	232	2020-02-27		Adhere to weekly payment schedule to weavers	Robb Vices purchase order	Raw materials expenditure	Joe and Allen	5000	\N
473	252	2020-02-28		Pay deposit to get yarn into production	Robb Vices purchase order	Raw materials expenditure	Joe and Allen	5000	\N
109	66	2020-02-04		Adhere to weekly payment schedule to weavers	Virgin purchase order	Production, payments to weavers	Joe and Allen	32000	\N
\.


--
-- TOC entry 3213 (class 0 OID 39699)
-- Dependencies: 233
-- Data for Name: task_evidence; Type: TABLE DATA; Schema: public; Owner: -
--

COPY public.task_evidence (id, "createdAt", description, proof, approved, "taskId") FROM stdin;
1	2020-02-14 10:37:10.104-03	asdas	/files/projects/milestones/tasks/claims/0/0a85d865e0abd24fdecfc942b846d43d.jpeg	t	30
2	2020-02-14 10:37:22.329-03	mbnmbnmb	/files/projects/milestones/tasks/claims/0/0a85d865e0abd24fdecfc942b846d43d.jpeg	f	30
24	2020-03-05 14:11:22.822-03	Ev 1	/files/projects/milestones/tasks/claims/f/f00d00a38b48de50cbe69b4c854def12.jpeg	t	531
25	2020-03-05 14:11:39.89-03	Ev 2	/files/projects/milestones/tasks/claims/f/f00d00a38b48de50cbe69b4c854def12.jpeg	t	532
26	2020-03-05 16:53:17.921-03	asdsadas	/files/projects/milestones/tasks/claims/f/f00d00a38b48de50cbe69b4c854def12.jpeg	t	533
27	2020-03-05 16:54:31.184-03	asdas	/files/projects/milestones/tasks/claims/f/f00d00a38b48de50cbe69b4c854def12.jpeg	t	533
\.


--
-- TOC entry 3204 (class 0 OID 39382)
-- Dependencies: 224
-- Data for Name: transaction; Type: TABLE DATA; Schema: public; Owner: -
--

COPY public.transaction (id, sender, data) FROM stdin;
1	0x072fB2f42846e2BBb0967DED28A39E227421Fefa	0x5578faf7000000000000000000000000000000000000000000000000000000000000000100000000000000000000000008572bafa7acb8451d774c05933fbd48aae00e3500000000000000000000000000000000000000000000000000000000000000800000000000000000000000000000000000000000000000000000000000000004000000000000000000000000000000000000000000000000000000000000000c546573742050726f6a6563740000000000000000000000000000000000000000
2	0x62545c7716016a1869ec6f378732232aD04D9005	0x5578faf700000000000000000000000000000000000000000000000000000000000000040000000000000000000000002cc112d9235f071bc960b53e0a1e74a2a872f2d800000000000000000000000000000000000000000000000000000000000000800000000000000000000000000000000000000000000000000000000000000005000000000000000000000000000000000000000000000000000000000000001459656c6c6f77204c6561662048616d6d6f636b20000000000000000000000000
3	0x8E19747326A8F0b46056960ee89bA2af0a09330A	0x5578faf7000000000000000000000000000000000000000000000000000000000000000700000000000000000000000008572bafa7acb8451d774c05933fbd48aae00e3500000000000000000000000000000000000000000000000000000000000000800000000000000000000000000000000000000000000000000000000000000005000000000000000000000000000000000000000000000000000000000000001053616d706c652070726f6a656374203200000000000000000000000000000000
4	0xf258b1A32E8B4C16f080672671543ba0cF439654	0x5578faf700000000000000000000000000000000000000000000000000000000000000080000000000000000000000005b0ae1508b650ced423f59e7c089271e2834d5720000000000000000000000000000000000000000000000000000000000000080000000000000000000000000000000000000000000000000000000000000000400000000000000000000000000000000000000000000000000000000000000115765647520476c6f62616c204669736120000000000000000000000000000000
17	0x8E19747326A8F0b46056960ee89bA2af0a09330A	0xf62bf2de0000000000000000000000000000000000000000000000000000000000000004
26	0x8E19747326A8F0b46056960ee89bA2af0a09330A	0xf62bf2de0000000000000000000000000000000000000000000000000000000000000008
53	0xa7BD04AfD4133B71DaEFE4e90929D8c931ba1dcD	0x5578faf7000000000000000000000000000000000000000000000000000000000000000e00000000000000000000000008572bafa7acb8451d774c05933fbd48aae00e350000000000000000000000000000000000000000000000000000000000000080000000000000000000000000000000000000000000000000000000000000000000000000000000000000000000000000000000000000000000000000000000047465737400000000000000000000000000000000000000000000000000000000
29	0x59ACbeA1f38e8f981fC8C5263dC456c04F02e0F1	0x5578faf70000000000000000000000000000000000000000000000000000000000000009000000000000000000000000caa26eb7744850786610a10785f64f185580fe7a0000000000000000000000000000000000000000000000000000000000000080000000000000000000000000000000000000000000000000000000000000000400000000000000000000000000000000000000000000000000000000000000047465737400000000000000000000000000000000000000000000000000000000
35	0xf6d1ee538fdAABf7DCef47d9403D40F49Dc6c2Ec	0x5578faf7000000000000000000000000000000000000000000000000000000000000000a00000000000000000000000008572bafa7acb8451d774c05933fbd48aae00e350000000000000000000000000000000000000000000000000000000000000080000000000000000000000000000000000000000000000000000000000000000400000000000000000000000000000000000000000000000000000000000000047465737400000000000000000000000000000000000000000000000000000000
44	0x8E19747326A8F0b46056960ee89bA2af0a09330A	0xf62bf2de000000000000000000000000000000000000000000000000000000000000000a
52	0x59ACbeA1f38e8f981fC8C5263dC456c04F02e0F1	0x5578faf7000000000000000000000000000000000000000000000000000000000000000b00000000000000000000000008572bafa7acb8451d774c05933fbd48aae00e350000000000000000000000000000000000000000000000000000000000000080000000000000000000000000000000000000000000000000000000000000000400000000000000000000000000000000000000000000000000000000000000045465737400000000000000000000000000000000000000000000000000000000
50	0xFE3cAD764FBDB921CB7189ea181CF910AFE7c614	0xf62bf2de0000000000000000000000000000000000000000000000000000000000000009
54	0xa7BD04AfD4133B71DaEFE4e90929D8c931ba1dcD	0x5578faf7000000000000000000000000000000000000000000000000000000000000000f00000000000000000000000033d05a1f6c0ffcbc88e51bc3664ff970b5fd21c700000000000000000000000000000000000000000000000000000000000000800000000000000000000000000000000000000000000000000000000000000004000000000000000000000000000000000000000000000000000000000000001644656e6775652050726f676e6f73746963205465737400000000000000000000
56	0xf6d1ee538fdAABf7DCef47d9403D40F49Dc6c2Ec	0x5578faf70000000000000000000000000000000000000000000000000000000000000011000000000000000000000000caa26eb7744850786610a10785f64f185580fe7a0000000000000000000000000000000000000000000000000000000000000080000000000000000000000000000000000000000000000000000000000000000000000000000000000000000000000000000000000000000000000000000000085465737420554154000000000000000000000000000000000000000000000000
57	0xf6d1ee538fdAABf7DCef47d9403D40F49Dc6c2Ec	0x5578faf70000000000000000000000000000000000000000000000000000000000000014000000000000000000000000caa26eb7744850786610a10785f64f185580fe7a0000000000000000000000000000000000000000000000000000000000000080000000000000000000000000000000000000000000000000000000000000000a00000000000000000000000000000000000000000000000000000000000000057465737420000000000000000000000000000000000000000000000000000000
58	0x072fB2f42846e2BBb0967DED28A39E227421Fefa	0x5578faf70000000000000000000000000000000000000000000000000000000000000015000000000000000000000000caa26eb7744850786610a10785f64f185580fe7a0000000000000000000000000000000000000000000000000000000000000080000000000000000000000000000000000000000000000000000000000000000100000000000000000000000000000000000000000000000000000000000000047465737400000000000000000000000000000000000000000000000000000000
59	0x072fB2f42846e2BBb0967DED28A39E227421Fefa	0x5578faf7000000000000000000000000000000000000000000000000000000000000001700000000000000000000000026683f124bb1bb624d4893d9073998d27c2348c50000000000000000000000000000000000000000000000000000000000000080000000000000000000000000000000000000000000000000000000000000000a000000000000000000000000000000000000000000000000000000000000000e54657374204e6f7669656d627265000000000000000000000000000000000000
60	0x6B05E3FC8648c138b3779Be9deFA3FA31E5310DF	0x5578faf7000000000000000000000000000000000000000000000000000000000000001f0000000000000000000000004de2a070e69be1d52555b0716c3927c333a5159500000000000000000000000000000000000000000000000000000000000000800000000000000000000000000000000000000000000000000000000000000010000000000000000000000000000000000000000000000000000000000000000c5365686174204b6168616e690000000000000000000000000000000000000000
61	0x6B05E3FC8648c138b3779Be9deFA3FA31E5310DF	0x5578faf700000000000000000000000000000000000000000000000000000000000000200000000000000000000000004de2a070e69be1d52555b0716c3927c333a5159500000000000000000000000000000000000000000000000000000000000000800000000000000000000000000000000000000000000000000000000000000010000000000000000000000000000000000000000000000000000000000000000d5365686174204b6168616e692000000000000000000000000000000000000000
\.


--
-- TOC entry 3219 (class 0 OID 0)
-- Dependencies: 197
-- Name: answer_id_seq; Type: SEQUENCE SET; Schema: public; Owner: -
--

SELECT pg_catalog.setval('public.answer_id_seq', 1, false);


--
-- TOC entry 3220 (class 0 OID 0)
-- Dependencies: 230
-- Name: answer_question_id_seq; Type: SEQUENCE SET; Schema: public; Owner: -
--

SELECT pg_catalog.setval('public.answer_question_id_seq', 1, false);


--
-- TOC entry 3221 (class 0 OID 0)
-- Dependencies: 199
-- Name: country_id_seq; Type: SEQUENCE SET; Schema: public; Owner: -
--

SELECT pg_catalog.setval('public.country_id_seq', 1, false);


--
-- TOC entry 3222 (class 0 OID 0)
-- Dependencies: 201
-- Name: featured_project_id_seq; Type: SEQUENCE SET; Schema: public; Owner: -
--

SELECT pg_catalog.setval('public.featured_project_id_seq', 1, true);


--
-- TOC entry 3223 (class 0 OID 0)
-- Dependencies: 203
-- Name: file_id_seq; Type: SEQUENCE SET; Schema: public; Owner: -
--

SELECT pg_catalog.setval('public.file_id_seq', 1, false);


--
-- TOC entry 3224 (class 0 OID 0)
-- Dependencies: 228
-- Name: fund_transfer_id_seq; Type: SEQUENCE SET; Schema: public; Owner: -
--

SELECT pg_catalog.setval('public.fund_transfer_id_seq', 14, true);


--
-- TOC entry 3225 (class 0 OID 0)
-- Dependencies: 205
-- Name: milestone_id_seq; Type: SEQUENCE SET; Schema: public; Owner: -
--

SELECT pg_catalog.setval('public.milestone_id_seq', 288, true);


--
-- TOC entry 3226 (class 0 OID 0)
-- Dependencies: 207
-- Name: pass_recovery_id_seq; Type: SEQUENCE SET; Schema: public; Owner: -
--

SELECT pg_catalog.setval('public.pass_recovery_id_seq', 1, false);


--
-- TOC entry 3227 (class 0 OID 0)
-- Dependencies: 210
-- Name: project_experience_id_seq; Type: SEQUENCE SET; Schema: public; Owner: -
--

SELECT pg_catalog.setval('public.project_experience_id_seq', 18, true);


--
-- TOC entry 3228 (class 0 OID 0)
-- Dependencies: 212
-- Name: project_experience_photo_id_seq; Type: SEQUENCE SET; Schema: public; Owner: -
--

SELECT pg_catalog.setval('public.project_experience_photo_id_seq', 33, true);


--
-- TOC entry 3229 (class 0 OID 0)
-- Dependencies: 214
-- Name: project_follower_id_seq; Type: SEQUENCE SET; Schema: public; Owner: -
--

SELECT pg_catalog.setval('public.project_follower_id_seq', 35, true);


--
-- TOC entry 3230 (class 0 OID 0)
-- Dependencies: 216
-- Name: project_funder_id_seq; Type: SEQUENCE SET; Schema: public; Owner: -
--

SELECT pg_catalog.setval('public.project_funder_id_seq', 20, true);


--
-- TOC entry 3231 (class 0 OID 0)
-- Dependencies: 217
-- Name: project_id_seq; Type: SEQUENCE SET; Schema: public; Owner: -
--

SELECT pg_catalog.setval('public.project_id_seq', 73, true);


--
-- TOC entry 3232 (class 0 OID 0)
-- Dependencies: 219
-- Name: project_oracle_id_seq; Type: SEQUENCE SET; Schema: public; Owner: -
--

SELECT pg_catalog.setval('public.project_oracle_id_seq', 11, true);


--
-- TOC entry 3233 (class 0 OID 0)
-- Dependencies: 221
-- Name: question_id_seq; Type: SEQUENCE SET; Schema: public; Owner: -
--

SELECT pg_catalog.setval('public.question_id_seq', 1, false);


--
-- TOC entry 3234 (class 0 OID 0)
-- Dependencies: 232
-- Name: task_evidence_id_seq; Type: SEQUENCE SET; Schema: public; Owner: -
--

SELECT pg_catalog.setval('public.task_evidence_id_seq', 27, true);


--
-- TOC entry 3235 (class 0 OID 0)
-- Dependencies: 223
-- Name: task_id_seq; Type: SEQUENCE SET; Schema: public; Owner: -
--

SELECT pg_catalog.setval('public.task_id_seq', 545, true);


--
-- TOC entry 3236 (class 0 OID 0)
-- Dependencies: 225
-- Name: transaction_id_seq; Type: SEQUENCE SET; Schema: public; Owner: -
--

SELECT pg_catalog.setval('public.transaction_id_seq', 1, false);


--
-- TOC entry 3237 (class 0 OID 0)
-- Dependencies: 227
-- Name: user_id_seq; Type: SEQUENCE SET; Schema: public; Owner: -
--

SELECT pg_catalog.setval('public.user_id_seq', 118, true);


-- Completed on 2020-03-19 14:39:47 -03

--
-- PostgreSQL database dump complete
--

